-- phpMyAdmin SQL Dump
-- version 5.0.4deb2~bpo10+1
-- https://www.phpmyadmin.net/
--
-- Host: localhost:3306
-- Generation Time: May 27, 2025 at 08:47 PM
-- Server version: 10.3.39-MariaDB-0+deb10u2
-- PHP Version: 7.3.31-1~deb10u7

SET SQL_MODE = "NO_AUTO_VALUE_ON_ZERO";
START TRANSACTION;
SET time_zone = "+00:00";


/*!40101 SET @OLD_CHARACTER_SET_CLIENT=@@CHARACTER_SET_CLIENT */;
/*!40101 SET @OLD_CHARACTER_SET_RESULTS=@@CHARACTER_SET_RESULTS */;
/*!40101 SET @OLD_COLLATION_CONNECTION=@@COLLATION_CONNECTION */;
/*!40101 SET NAMES utf8mb4 */;

--
-- Database: `u24631494_Procrastinators`
--

-- --------------------------------------------------------

--
-- Table structure for table `admin`
--

CREATE TABLE `admin` (
  `UserID` int(11) NOT NULL,
  `AccessLevel` enum('basic','moderator','super') NOT NULL DEFAULT 'basic'
) ENGINE=InnoDB DEFAULT CHARSET=utf8mb4 COLLATE=utf8mb4_unicode_ci;

--
-- Dumping data for table `admin`
--

INSERT INTO `admin` (`UserID`, `AccessLevel`) VALUES
(3, 'basic'),
(4, 'super'),
(7, 'basic'),
(10, 'moderator'),
(21, 'moderator'),
(207, 'super');

-- --------------------------------------------------------

--
-- Table structure for table `category`
--

CREATE TABLE `category` (
  `CategoryID` int(11) NOT NULL,
  `CategoryName` varchar(30) NOT NULL
) ENGINE=InnoDB DEFAULT CHARSET=utf8mb4 COLLATE=utf8mb4_unicode_ci;

--
-- Dumping data for table `category`
--

INSERT INTO `category` (`CategoryID`, `CategoryName`) VALUES
(3, 'Cleaning'),
(2, 'Cooking'),
(4, 'Heating & Cooling'),
(5, 'Kitchen Appliances'),
(7, 'Miscellaneous'),
(6, 'Personal Care'),
(1, 'Refrigeration');

-- --------------------------------------------------------

--
-- Table structure for table `customer`
--

CREATE TABLE `customer` (
  `UserID` int(11) NOT NULL
) ENGINE=InnoDB DEFAULT CHARSET=utf8mb4 COLLATE=utf8mb4_unicode_ci;

--
-- Dumping data for table `customer`
--

INSERT INTO `customer` (`UserID`) VALUES
(1),
(2),
(5),
(6),
(8),
(9),
(11),
(12),
(13),
(14),
(15),
(16),
(17),
(18),
(19),
(20),
(22),
(23),
(24),
(25),
(26),
(27),
(28),
(29),
(30),
(31),
(32),
(33),
(34),
(35),
(36),
(37),
(38),
(39),
(40),
(41),
(42),
(43),
(44),
(45),
(46),
(47),
(48),
(49),
(50),
(51),
(52),
(53),
(54),
(55),
(56),
(57),
(58),
(59),
(60),
(61),
(62),
(63),
(64),
(65),
(66),
(67),
(68),
(69),
(70),
(71),
(72),
(73),
(74),
(75),
(76),
(77),
(78),
(79),
(80),
(81),
(82),
(83),
(84),
(85),
(86),
(87),
(88),
(89),
(90),
(91),
(92),
(93),
(94),
(95),
(96),
(97),
(98),
(99),
(100),
(101),
(102),
(103),
(104),
(105),
(106),
(107),
(108),
(109),
(110),
(111),
(112),
(113),
(114),
(115),
(116),
(117),
(118),
(119),
(120),
(121),
(122),
(123),
(124),
(125),
(126),
(127),
(128),
(129),
(130),
(131),
(132),
(133),
(134),
(135),
(136),
(137),
(138),
(139),
(140),
(141),
(142),
(143),
(144),
(145),
(146),
(147),
(148),
(149),
(150),
(151),
(152),
(153),
(154),
(155),
(156),
(157),
(158),
(159),
(160),
(161),
(162),
(163),
(164),
(165),
(166),
(167),
(168),
(169),
(170),
(171),
(172),
(173),
(174),
(175),
(176),
(177),
(178),
(179),
(180),
(181),
(182),
(183),
(184),
(185),
(186),
(187),
(188),
(189),
(190),
(191),
(192),
(193),
(194),
(195),
(196),
(197),
(198),
(199),
(200),
(201),
(202),
(203),
(204),
(205),
(206),
(207);

-- --------------------------------------------------------

--
-- Table structure for table `listing`
--

CREATE TABLE `listing` (
  `ListingID` int(11) NOT NULL,
  `ProductID` int(11) NOT NULL,
  `RetailerID` int(11) NOT NULL,
  `Date` date NOT NULL,
  `Price` decimal(10,2) DEFAULT NULL CHECK (`Price` >= 0)
) ENGINE=InnoDB DEFAULT CHARSET=utf8mb4 COLLATE=utf8mb4_unicode_ci;

--
-- Dumping data for table `listing`
--

INSERT INTO `listing` (`ListingID`, `ProductID`, `RetailerID`, `Date`, `Price`) VALUES
(1, 346, 60, '2025-01-05', '7999.99'),
(3, 348, 91, '2025-01-20', '5499.00'),
(4, 349, 66, '2025-01-28', '3999.75'),
(5, 350, 101, '2025-02-03', '12999.00'),
(6, 351, 68, '2025-02-10', '1999.99'),
(7, 352, 116, '2025-02-15', '499.95'),
(8, 353, 103, '2025-02-22', '2499.00'),
(9, 354, 92, '2025-03-01', '1899.50'),
(10, 355, 121, '2025-03-08', '1499.99'),
(11, 356, 90, '2025-03-15', '1299.00'),
(12, 357, 114, '2025-03-22', '3999.00'),
(13, 358, 128, '2025-03-29', '5999.75'),
(14, 359, 95, '2025-04-05', '2499.99'),
(15, 360, 111, '2025-04-12', '699.50'),
(16, 361, 134, '2025-04-18', '3499.00'),
(17, 362, 66, '2025-04-25', '1899.99'),
(18, 363, 121, '2025-05-02', '999.95'),
(19, 364, 139, '2025-05-09', '1999.00'),
(20, 365, 60, '2025-05-16', '2799.50'),
(21, 366, 145, '2025-05-23', '3499.99'),
(22, 367, 68, '2025-05-30', '1499.75'),
(23, 368, 103, '2025-06-06', '599.99'),
(24, 369, 90, '2025-06-13', '4999.00'),
(25, 370, 116, '2025-06-20', '2999.50'),
(26, 371, 128, '2025-06-27', '699.95'),
(27, 372, 91, '2025-01-07', '899.00'),
(28, 373, 95, '2025-01-14', '3999.99'),
(29, 374, 60, '2025-01-21', '14999.00'),
(30, 375, 111, '2025-01-28', '2499.75'),
(31, 376, 134, '2025-02-04', '799.50'),
(32, 377, 66, '2025-02-11', '5999.99'),
(33, 378, 121, '2025-02-18', '3499.00'),
(34, 379, 103, '2025-02-25', '799.95'),
(35, 380, 145, '2025-03-04', '1999.00'),
(36, 381, 90, '2025-03-11', '1299.50'),
(37, 382, 68, '2025-03-18', '6999.99'),
(38, 383, 116, '2025-03-25', '3999.75'),
(39, 384, 128, '2025-04-01', '999.00'),
(40, 385, 60, '2025-04-08', '17999.50'),
(41, 386, 95, '2025-04-15', '2499.99'),
(42, 387, 111, '2025-04-22', '3999.00'),
(43, 388, 139, '2025-04-29', '2999.95'),
(44, 389, 66, '2025-05-06', '3499.50'),
(45, 390, 103, '2025-05-13', '4999.99'),
(46, 391, 145, '2025-05-20', '799.00'),
(47, 392, 90, '2025-05-27', '599.95'),
(48, 393, 121, '2025-06-03', '2499.50'),
(49, 394, 128, '2025-06-10', '1999.99'),
(50, 395, 60, '2025-06-17', '1499.00'),
(51, 396, 95, '2025-06-24', '12999.75'),
(52, 397, 111, '2025-01-03', '4999.99'),
(53, 398, 66, '2025-01-10', '17999.00'),
(54, 399, 103, '2025-01-17', '2499.50'),
(55, 400, 145, '2025-01-24', '6999.99'),
(56, 401, 90, '2025-01-31', '4999.00'),
(57, 402, 121, '2025-02-07', '2999.95'),
(58, 403, 128, '2025-02-14', '14999.50'),
(59, 404, 60, '2025-02-21', '2499.99'),
(60, 405, 95, '2025-02-28', '7999.00'),
(61, 406, 111, '2025-03-07', '1999.75'),
(62, 407, 139, '2025-03-14', '2999.50'),
(63, 408, 66, '2025-03-21', '1299.99'),
(64, 409, 103, '2025-03-28', '799.00'),
(65, 410, 145, '2025-04-04', '2499.95'),
(66, 411, 90, '2025-04-11', '3999.50'),
(67, 412, 121, '2025-04-18', '999.99'),
(68, 413, 128, '2025-04-25', '1999.00'),
(69, 414, 60, '2025-05-02', '1499.75'),
(70, 415, 95, '2025-05-09', '499.95'),
(71, 416, 111, '2025-05-16', '299.50'),
(72, 417, 139, '2025-05-23', '799.99'),
(73, 418, 66, '2025-05-30', '399.00'),
(74, 419, 103, '2025-06-06', '599.95'),
(75, 420, 145, '2025-06-13', '1499.50'),
(76, 421, 90, '2025-06-20', '999.99'),
(77, 422, 121, '2025-06-27', '499.00'),
(78, 423, 128, '2025-01-09', '799.75'),
(79, 424, 60, '2025-01-16', '999.50'),
(80, 425, 95, '2025-01-23', '1999.99'),
(81, 426, 111, '2025-01-30', '1499.00'),
(82, 427, 139, '2025-02-06', '799.95'),
(83, 428, 66, '2025-02-13', '499.50'),
(84, 429, 103, '2025-02-20', '999.99'),
(85, 430, 145, '2025-02-27', '699.00'),
(86, 431, 90, '2025-03-06', '3999.75'),
(87, 432, 121, '2025-03-13', '4999.50'),
(88, 433, 128, '2025-03-20', '2999.99'),
(89, 434, 60, '2025-03-27', '7999.00'),
(90, 435, 95, '2025-04-03', '1499.95'),
(91, 436, 111, '2025-04-10', '1999.50'),
(92, 437, 139, '2025-04-17', '2999.00'),
(93, 438, 66, '2025-04-24', '2499.99'),
(94, 439, 103, '2025-05-01', '3999.75'),
(95, 440, 145, '2025-05-08', '4999.50'),
(96, 441, 90, '2025-05-15', '7999.99'),
(97, 442, 121, '2025-05-22', '1999.00'),
(98, 443, 128, '2025-05-29', '1499.75'),
(99, 444, 60, '2025-06-05', '2999.50'),
(100, 445, 95, '2025-06-12', '3999.99'),
(101, 446, 111, '2025-06-19', '2499.00'),
(102, 447, 139, '2025-06-26', '1999.95');

-- --------------------------------------------------------

--
-- Table structure for table `product`
--

CREATE TABLE `product` (
  `ProductID` int(11) NOT NULL,
  `ProductName` varchar(100) NOT NULL,
  `Brand` varchar(30) DEFAULT NULL,
  `Description` text DEFAULT NULL,
  `ImageURL` varchar(500) DEFAULT NULL
) ENGINE=InnoDB DEFAULT CHARSET=utf8mb4 COLLATE=utf8mb4_unicode_ci;

--
-- Dumping data for table `product`
--

INSERT INTO `product` (`ProductID`, `ProductName`, `Brand`, `Description`, `ImageURL`) VALUES
(346, 'Robot Vacuum', 'CleanTech', 'Its a robot vacuum cleaner. It cleans the floor.', 'https://static.vecteezy.com/system/resources/previews/059/920/910/non_2x/impressive-traditional-a-robotic-vacuum-cleaner-round-and-black-premium-free-png.png '),
(348, 'Portable AC Unit', 'HeatWave', 'Compact yet mighty, perfect for any living space.', 'https://static.vecteezy.com/system/resources/previews/057/024/793/non_2x/stylish-air-conditioning-unit-home-cooling-climate-control-solution-free-png.png '),
(349, 'Mop', 'PowerVac', 'Experience unparalleled convenience with this state-of-the-art product.', 'https://static.vecteezy.com/system/resources/previews/059/042/818/non_2x/a-classic-string-mop-with-wooden-handle-for-efficient-cleaning-free-png.png '),
(350, 'Dishwasher', 'Ninja', 'Reliable and powerful, built to last and exceed expectations.', 'https://static.vecteezy.com/system/resources/previews/051/814/274/non_2x/a-dishwasher-with-dishes-in-it-on-a-black-background-free-png.png '),
(351, 'Smart Home Hub', 'UtilityCo', 'Advanced technology for a smarter, more comfortable home.', 'https://static.vecteezy.com/system/resources/previews/041/487/832/non_2x/ai-generated-white-device-on-table-free-photo.jpeg '),
(352, 'Hair Dryer', 'BrightLife', 'Bringing innovation to your home, making daily tasks simpler.', 'https://static.vecteezy.com/system/resources/previews/027/058/255/non_2x/a-yellow-hair-dryer-on-a-gray-background-generative-ai-free-photo.jpeg'),
(353, 'Mini Fridge', 'PolarEdge', 'Eco-friendly and energy-efficient, saving you money and protecting the planet.', 'https://static.vecteezy.com/system/resources/previews/044/180/934/non_2x/beverage-cooler-with-blank-bottle-mockups-for-refreshing-drinks-free-photo.jpg '),
(354, 'Steam Mop', 'CleanTech', 'A high-performance appliance designed for efficiency and durability.', 'https://static.vecteezy.com/system/resources/previews/057/529/409/non_2x/a-powerful-steam-cleaner-effectively-sanitizing-a-kitchen-surface-free-photo.jpeg '),
(355, 'Blender', 'ChefChoice', 'Delivers exceptional results with minimal effort.', 'https://static.vecteezy.com/system/resources/previews/002/235/876/non_2x/blender-juice-machine-free-photo.jpg'),
(356, 'Space Heater', 'FreshAir', 'Engineered for modern living, offering smart features and sleek design.', 'https://static.vecteezy.com/system/resources/previews/042/658/576/non_2x/modern-electric-infrared-heater-in-living-room-closeup-free-photo.jpg'),
(357, 'Upright Vacuum', 'PowerVac', 'Reliable and powerful, built to last and exceed expectations.', 'https://static.vecteezy.com/system/resources/previews/050/632/013/non_2x/vacuum-cleaner-isolated-on-white-background-free-photo.jpg '),
(358, 'Electric Oven', 'ChefChoice', 'A must-have for every contemporary kitchen/home.', 'https://static.vecteezy.com/system/resources/previews/048/812/635/non_2x/stylized-oven-artwork-on-a-white-background-free-photo.jpeg '),
(359, 'Security Camera', 'UtilityCo', 'Advanced technology for a smarter, more comfortable home.', 'https://static.vecteezy.com/system/resources/previews/001/430/048/non_2x/security-surveillance-camera-free-photo.jpg'),
(360, 'Electric Shaver', 'BrightLife', 'Bringing innovation to your home, making daily tasks simpler.', 'https://static.vecteezy.com/system/resources/previews/007/446/737/non_2x/the-old-electric-shaver-on-white-background-free-photo.jpg '),
(361, 'Beverage Cooler', 'CoolTech', 'Compact yet mighty, perfect for any living space.', 'https://static.vecteezy.com/system/resources/previews/055/454/094/non_2x/blue-cooler-box-for-outdoor-use-with-ergonomic-handles-isolated-on-transparent-background-free-png.png '),
(362, 'Cordless Handheld Vacuum', 'CleanTech', 'A high-performance appliance designed for efficiency and durability.', 'https://static.vecteezy.com/system/resources/previews/057/529/380/non_2x/powerful-handheld-vacuum-cleaner-efficiently-cleaning-kitchen-countertop-spills-free-photo.jpeg'),
(363, 'Slow Cooker', 'VitaBlend', 'Experience unparalleled convenience with this state-of-the-art product.', 'https://static.vecteezy.com/system/resources/previews/059/246/314/non_2x/crock-pot-on-transparent-background-free-png.png '),
(364, 'Smart Thermostat', 'HomeEssentials', 'Engineered for modern living, offering smart features and sleek design.', 'https://static.vecteezy.com/system/resources/previews/049/216/223/non_2x/smart-thermostat-displaying-temperature-free-png.png '),
(365, 'Wet/Dry Vacuum', 'PowerVac', 'Bringing innovation to your home, making daily tasks simpler.', 'https://static.vecteezy.com/system/resources/previews/047/834/735/non_2x/vacuum-cleaner-on-transparent-background-free-png.png '),
(366, 'Induction Cooktop', 'VitaBlend', 'Reliable and powerful, built to last and exceed expectations.', 'https://static.vecteezy.com/system/resources/previews/065/848/527/non_2x/isolated-cooking-surface-appliance-free-png.png '),
(367, 'Smart Speaker', 'UtilityCo', 'Eco-friendly and energy-efficient, saving you money and protecting the planet.', 'https://static.vecteezy.com/system/resources/previews/003/680/926/non_2x/smart-speaker-and-a-virtual-assistant-free-photo.jpg'),
(368, 'Hair Straightener', 'BrightLife', 'Delivers exceptional results with minimal effort.', 'https://static.vecteezy.com/system/resources/previews/051/015/925/non_2x/pink-hair-straightener-3d-illustration-free-png.png '),
(369, 'Chest Freezer', 'ChillWell', 'Advanced technology for a smarter, more comfortable home.', 'https://static.vecteezy.com/system/resources/previews/059/494/108/non_2x/modern-white-chest-freezer-free-png.png '),
(370, 'Carpet Cleaner', 'CleanTech', 'A must-have for every contemporary kitchen/home.', 'https://static.vecteezy.com/system/resources/previews/047/834/735/non_2x/vacuum-cleaner-on-transparent-background-free-png.png '),
(371, 'Electric Kettle', 'Ninja', 'Compact yet mighty, perfect for any living space.', 'https://static.vecteezy.com/system/resources/previews/050/631/762/non_2x/a-electric-kettle-isolated-on-white-background-free-photo.jpg'),
(372, 'Humidifier', 'HeatWave', 'A high-performance appliance designed for efficiency and durability.', 'https://static.vecteezy.com/system/resources/previews/056/411/814/non_2x/ultrasonic-cool-mist-humidifier-for-home-free-png.png '),
(373, 'Floor Polisher', 'PowerVac', 'Experience unparalleled convenience with this state-of-the-art product.', 'https://static.vecteezy.com/system/resources/previews/057/563/864/non_2x/extraordinary-creative-electric-sander-orbital-isolated-cutout-with-power-cord-professional-free-png.png '),
(374, 'Refrigerator', 'Ninja', 'Reliable and powerful, built to last and exceed expectations.', 'https://static.vecteezy.com/system/resources/previews/011/041/489/non_2x/home-refrigerator-in-home-free-photo.jpg'),
(375, 'Video Doorbell', 'UtilityCo', 'Bringing innovation to your home, making daily tasks simpler.', 'https://static.vecteezy.com/system/resources/previews/049/216/241/non_2x/smart-doorbell-with-camera-and-button-free-png.png '),
(376, 'Electric Toothbrush', 'BrightLife', 'Eco-friendly and energy-efficient, saving you money and protecting the planet.', 'https://static.vecteezy.com/system/resources/previews/054/715/051/non_2x/compact-electric-toothbrush-with-ergonomic-design-free-png.png'),
(377, 'Upright Freezer', 'PolarEdge', 'Delivers exceptional results with minimal effort.', 'https://static.vecteezy.com/system/resources/previews/065/690/319/non_2x/side-view-small-size-open-door-showcase-3d-render-illustration-free-png.png '),
(378, 'Long Squeegee', 'CleanTech', 'Advanced technology for a smarter, more comfortable home.', 'https://static.vecteezy.com/system/resources/previews/056/224/831/non_2x/grey-silicone-spatula-with-teal-handle-kitchen-tool-free-png.png '),
(379, 'Rice Cooker', 'ChefChoice', 'Engineered for modern living, offering smart features and sleek design.', 'https://static.vecteezy.com/system/resources/previews/052/259/190/non_2x/a-pink-and-white-rice-cooker-with-flowers-free-png.png '),
(380, 'Oil-Filled Radiator', 'FreshAir', 'Compact yet mighty, perfect for any living space.', 'https://static.vecteezy.com/system/resources/previews/028/217/223/non_2x/detailed-view-of-a-heating-radiator-free-photo.jpg'),
(381, 'UV Sanitizer', 'UtilityCo', 'A high-performance appliance designed for efficiency and durability.', 'https://static.vecteezy.com/system/resources/previews/056/486/353/non_2x/efficient-technology-solutions-for-modern-workspaces-free-png.png '),
(382, 'Freezer', 'CoolTech', 'A must-have for every contemporary kitchen/home.', 'https://static.vecteezy.com/system/resources/previews/011/043/409/non_2x/home-refrigerator-in-home-free-photo.jpg'),
(383, 'Projector', 'UtilityCo', 'Experience unparalleled convenience with this state-of-the-art product.', 'https://static.vecteezy.com/system/resources/previews/047/826/388/non_2x/portable-projector-on-transparent-background-free-png.png '),
(384, 'Massager', 'HomeEssentials', 'Reliable and powerful, built to last and exceed expectations.', 'https://static.vecteezy.com/system/resources/previews/065/945/538/non_2x/blue-double-massage-balls-isolated-on-white-background-free-photo.jpg'),
(385, 'French Door Refrigerator', 'CoolTech', 'Bringing innovation to your home, making daily tasks simpler.', 'https://static.vecteezy.com/system/resources/previews/060/424/057/non_2x/compact-refrigerator-with-clean-silver-exterior-dual-doors-and-ergonomic-handles-offering-a-functional-kitchen-solution-free-png.png '),
(386, 'Air Purifier', 'HomeEssentials', 'Eco-friendly and energy-efficient, saving you money and protecting the planet.', 'https://static.vecteezy.com/system/resources/previews/053/449/475/non_2x/bright-green-stand-mixer-with-stainless-steel-bowl-for-baking-free-png.png '),
(387, 'Stand Mixer', 'UtilityCo', 'Advanced technology for a smarter, more comfortable home.', 'https://static.vecteezy.com/system/resources/previews/053/449/475/non_2x/bright-green-stand-mixer-with-stainless-steel-bowl-for-baking-free-png.png '),
(388, 'Evaporative Cooler', 'CoolBreeze', 'Delivers exceptional results with minimal effort.', 'https://static.vecteezy.com/system/resources/previews/048/719/105/non_2x/air-cooler-on-transparent-background-free-png.png '),
(389, 'Pressure Washer (big)', 'PowerVac', 'Engineered for modern living, offering smart features and sleek design.', 'https://static.vecteezy.com/system/resources/previews/042/120/956/non_2x/ai-generated-modern-lawnmower-on-transparent-background-free-png.png'),
(390, 'Wine Cooler', 'ChillWell', 'Compact yet mighty, perfect for any living space.', 'https://static.vecteezy.com/system/resources/previews/037/928/267/non_2x/ai-generated-wine-fridge-cooler-isolated-on-transparent-background-free-png.png '),
(391, 'Shredder', 'UtilityCo', 'A high-performance appliance designed for efficiency and durability.', 'https://static.vecteezy.com/system/resources/previews/048/174/357/non_2x/broken-metal-container-free-photo.jpg'),
(392, 'Blood Pressure Monitor', 'BrightLife', 'A must-have for every contemporary kitchen/home.', 'https://static.vecteezy.com/system/resources/previews/043/068/808/non_2x/an-electronic-blood-pressure-monitor-free-png.png '),
(393, 'Ice Maker', 'ChillWell', 'Experience unparalleled convenience with this state-of-the-art product.', 'https://static.vecteezy.com/system/resources/previews/053/449/308/non_2x/compact-ice-maker-with-clear-ice-cubes-for-home-or-office-use-free-png.png '),
(394, 'Dehumidifier', 'CoolBreeze', 'Reliable and powerful, built to last and exceed expectations.', 'https://static.vecteezy.com/system/resources/previews/009/587/757/non_2x/smart-air-purifier-in-a-bedroom-filter-for-clean-room-free-photo.jpg'),
(395, 'Coffee Maker', 'Ninja', 'Bringing innovation to your home, making daily tasks simpler.', 'https://static.vecteezy.com/system/resources/previews/030/492/811/non_2x/coffee-maker-and-two-cups-of-coffee-on-a-white-table-ai-generated-free-photo.jpg'),
(396, 'Ultra Chill 5000 Refrigerator', 'ChillWell', 'Energy-efficient refrigerator with smart temperature control and ample storage space', 'https://static.vecteezy.com/system/resources/previews/011/042/349/non_2x/home-refrigerator-in-home-free-photo.jpg'),
(397, 'Arctic Freeze Compact Freezer', 'CoolTech', 'Compact freezer perfect for small spaces with adjustable shelving', 'https://images.unsplash.com/photo-1683823363266-efa8cedec4d4?q=80&w=1974&auto=format&fit=crop&ixlib=rb-4.1.0&ixid=M3wxMjA3fDB8MHxwaG90by1wYWdlfHx8fGVufDB8fHx8fA%3D%3D'),
(398, 'ChillMax Double Door Refrigerator', 'PolarEdge', 'Spacious double door refrigerator with water dispenser and ice maker', 'https://static.vecteezy.com/system/resources/previews/050/631/737/non_2x/a-refrigerator-isolated-on-white-background-free-photo.jpg'),
(399, 'FrostFree Beverage Cooler', 'ChillWell', 'Compact mini fridge ideal for dorm rooms and offices', 'https://static.vecteezy.com/system/resources/previews/044/180/934/non_2x/beverage-cooler-with-blank-bottle-mockups-for-refreshing-drinks-free-photo.jpg'),
(400, 'IceVault Chest Freezer', 'CoolTech', 'Large capacity chest freezer with energy-saving mode', 'https://www.shutterstock.com/image-illustration/white-chest-freezer-3d-illustration-600nw-2112953741.jpg'),
(401, 'CoolBreeze Wine Cooler', 'PolarEdge', 'Temperature-controlled wine cooler for perfect storage', 'https://thumbs.dreamstime.com/b/cooler-16838898.jpg'),
(402, 'IceCold Portable Cooler', 'ChillWell', 'Portable cooler with temperature control for travel and outdoor activities', 'https://static.vecteezy.com/system/resources/previews/048/151/879/non_2x/white-and-blue-cooler-box-on-white-background-free-photo.jpg'),
(403, 'FrostLine Counter Depth Refrigerator', 'CoolTech', 'Counter-depth refrigerator for seamless kitchen integration', 'https://static.vecteezy.com/system/resources/previews/050/631/896/non_2x/a-refrigerator-isolated-on-white-background-free-photo.jpg'),
(404, 'CoolCube Ice Maker', 'Ninja', 'Compact ice maker producing up to 26 lbs of ice daily', 'https://static.vecteezy.com/system/resources/previews/053/449/308/non_2x/compact-ice-maker-with-clear-ice-cubes-for-home-or-office-use-free-png.png '),
(405, 'PolarEdge Slim Refrigerator', 'ChillWell', 'Slim profile refrigerator for space-constrained kitchens', 'https://static.vecteezy.com/system/resources/previews/050/631/994/non_2x/a-refrigerator-isolated-on-white-background-free-photo.jpg'),
(406, 'ChillFlow Ice and Water Dispenser', 'ChefChoice', 'Freestanding ice and filtered water dispenser', 'https://thumbs.dreamstime.com/b/office-water-dispenser-10415923.jpg'),
(407, 'FrostLite Compact Refrigerator', 'PolarEdge', 'Ultra-compact refrigerator for bedrooms and dorm rooms', 'https://static.vecteezy.com/system/resources/previews/050/629/815/non_2x/a-refrigerator-isolated-on-white-background-free-photo.jpg'),
(408, 'CulinaryPro Electric Skillet', 'VitaBlend', 'Non-stick electric skillet with temperature control for versatile cooking', 'https://static.vecteezy.com/system/resources/previews/036/707/991/non_2x/short-circuit-causing-flames-and-smoke-fire-the-dangers-of-using-non-standard-equipment-overload-free-photo.jpg'),
(409, 'SizzleMaster Cast Iron Pan', 'ChefChoice', 'Pre-seasoned cast iron pan for perfect heat distribution and retention', 'https://static.vecteezy.com/system/resources/previews/048/512/857/non_2x/black-cast-iron-skillet-on-a-white-background-free-photo.jpg'),
(410, 'GourmetChef Stainless Steel Cookware Set', 'Ninja', 'Complete 10-piece stainless steel cookware set for all cooking needs', 'https://static.vecteezy.com/system/resources/previews/046/096/725/non_2x/stack-of-three-stainless-steel-pots-on-countertop-free-photo.jpeg'),
(411, 'FlameGuard Ceramic Cookware', 'VitaBlend', 'Eco-friendly ceramic cookware with non-toxic coating', 'https://static.vecteezy.com/system/resources/previews/033/634/695/non_2x/a-wooden-cutting-board-with-utensils-and-a-wooden-cutting-board-ai-generated-free-photo.jpg'),
(412, 'SimmerPro Slow Cooker', 'ChefChoice', '6-quart programmable slow cooker with multiple temperature settings', 'https://static.vecteezy.com/system/resources/previews/048/173/740/non_2x/white-electric-slow-cooker-with-black-accents-free-photo.jpg'),
(413, 'QuickSear Grill Pan', 'Ninja', 'Heavy-duty grill pan with raised ridges for indoor grilling', 'https://static.vecteezy.com/system/resources/previews/009/805/317/non_2x/empty-grill-iron-pan-isolated-on-white-background-free-photo.jpg'),
(414, 'CulinaryMaster Dutch Oven', 'VitaBlend', 'Enameled cast iron Dutch oven for stews, soups, and roasts', 'https://static.vecteezy.com/system/resources/previews/058/139/761/non_2x/a-black-dutch-oven-on-a-white-background-free-photo.jpg'),
(415, 'SteamWizard Bamboo Steamer', 'ChefChoice', 'Traditional bamboo steamer for healthy and authentic cooking', 'https://static.vecteezy.com/system/resources/previews/003/405/889/non_2x/chinese-bamboo-basket-on-white-background-free-photo.JPG'),
(416, 'PrecisionCook Digital Food Thermometer', 'Ninja', 'Instant-read digital thermometer for perfect cooking results', 'https://static.vecteezy.com/system/resources/previews/020/164/121/non_2x/closeup-and-crop-small-medical-thermometers-line-up-isolate-on-white-background-free-photo.jpg'),
(417, 'GrillMaster Outdoor BBQ Set', 'VitaBlend', 'Complete BBQ tool set with carrying case for outdoor cooking', 'https://static.vecteezy.com/system/resources/previews/060/196/964/non_2x/summer-landscape-with-a-barbecue-grill-ready-to-cook-delicious-meals-outdoors-free-photo.jpg'),
(418, 'BakePerfect Silicone Baking Mats', 'ChefChoice', 'Non-stick silicone baking mats for easy baking and cleanup', 'https://static.vecteezy.com/system/resources/previews/002/224/376/non_2x/bread-equipment-with-flour-and-sifter-free-photo.jpg'),
(419, 'ChopMaster Cutting Board ', 'Ninja', 'Color-coded cutting board set to prevent cross-contamination', 'https://static.vecteezy.com/system/resources/previews/051/275/580/non_2x/top-view-chopping-board-on-wood-table-free-photo.JPG'),
(420, 'BlendPro Immersion Blender', 'VitaBlend', 'Powerful immersion blender with multiple attachments for versatile food preparation', 'https://static.vecteezy.com/system/resources/previews/004/965/330/non_2x/onion-in-a-blending-container-preparation-of-ingredients-for-cooking-free-photo.jpg'),
(421, 'WokStar Carbon Steel Wok', 'ChefChoice', 'Traditional carbon steel wok for authentic stir-fry cooking', 'https://static.vecteezy.com/system/resources/previews/065/626/455/non_2x/buat-1-judul-foto-tersebut-secara-detail-dalam-bahasa-inggris-jangan-ada-nama-lokasi-dan-tidak-perlu-ada-kata-pembukaan-free-photo.jpg'),
(422, 'BakeSmart Rolling Pin', 'Ninja', 'Adjustable rolling pin with thickness rings for perfect dough', 'https://static.vecteezy.com/system/resources/previews/057/447/058/non_2x/a-traditional-wooden-rolling-pin-isolated-on-a-transparent-background-for-baking-and-cooking-purposes-at-home-wooden-rolling-pin-isolated-on-transparent-background-free-png.png'),
(423, 'SliceMaster Mandoline Slicer', 'VitaBlend', 'Professional-grade mandoline slicer with safety guard', 'https://static.vecteezy.com/system/resources/previews/047/826/730/non_2x/vegetable-chopper-against-transparent-background-free-png.png'),
(424, 'SautéPerfect Non-Stick Frying Pan', 'ChefChoice', 'Durable non-stick frying pan with ergonomic handle', 'https://static.vecteezy.com/system/resources/previews/054/651/032/non_2x/a-black-square-pan-with-a-handle-free-png.png'),
(425, 'PastaProdigy Pasta Maker', 'Ninja', 'Manual pasta maker for fresh homemade pasta', 'https://static.vecteezy.com/system/resources/previews/053/581/265/non_2x/a-pasta-machine-with-yellow-noodles-coming-out-of-it-free-png.png'),
(426, 'RoastRight Carving Set', 'VitaBlend', 'Premium carving knife and fork set for meats and roasts', 'https://static.vecteezy.com/system/resources/previews/058/063/725/non_2x/set-of-sharp-kitchen-knives-with-wooden-handles-and-sleek-blades-free-png.png'),
(427, 'BakeDelight Muffin Tin Set', 'ChefChoice', 'Non-stick muffin tin set in various sizes', 'https://static.vecteezy.com/system/resources/previews/044/628/416/non_2x/baking-perfect-muffins-every-time-free-png.png'),
(428, 'GrindFresh Electric Spice Grinder', 'Ninja', 'Powerful electric grinder for fresh herbs and spices', 'https://static.vecteezy.com/system/resources/previews/048/719/084/non_2x/salt-and-pepper-shaker-on-transparent-background-free-png.png'),
(429, 'SearPerfect Grill Press', 'VitaBlend', 'Heavy-duty cast iron grill press for even cooking and beautiful sear marks', 'https://static.vecteezy.com/system/resources/previews/065/848/450/non_2x/clean-overhead-electric-grill-free-png.png'),
(430, 'MeasureMaster Digital Kitchen Scale', 'ChefChoice', 'Precision digital scale for accurate recipe measurements', 'https://static.vecteezy.com/system/resources/previews/056/224/948/non_2x/digital-kitchen-scale-compact-food-weighing-device-free-png.png'),
(431, 'Upright Vacuum Cleaner', 'PowerVac', 'Bagless upright vacuum with cyclone technology', 'https://static.vecteezy.com/system/resources/previews/047/834/717/non_2x/vacuum-cleaner-on-transparent-background-free-png.png'),
(432, 'Canister Vacuum Cleaner', 'CleanTech', 'Bagged canister vacuum with HEPA filtration', 'https://static.vecteezy.com/system/resources/previews/059/023/383/non_2x/vintage-telephone-a-stylish-design-classic-rotary-dial-free-png.png'),
(433, 'Stick Vacuum Cleaner', 'PowerVac', 'Lightweight cordless stick vacuum with detachable handheld', 'https://static.vecteezy.com/system/resources/previews/065/849/107/non_2x/isolated-vacuum-cleaner-in-action-free-png.png'),
(434, 'Robot Vacuum', 'CleanTech', 'Autonomous robot vacuum with mapping technology', 'https://static.vecteezy.com/system/resources/previews/059/920/910/non_2x/impressive-traditional-a-robotic-vacuum-cleaner-round-and-black-premium-free-png.png'),
(435, 'Handheld Vacuum', 'PowerVac', 'Portable handheld vacuum for quick cleanups', 'https://static.vecteezy.com/system/resources/previews/051/601/721/non_2x/hand-hold-white-hair-dryer-free-png.png'),
(436, 'Steam Mop', 'CleanTech', 'Electric steam mop for chemical-free floor cleaning', 'https://static.vecteezy.com/system/resources/previews/041/732/125/non_2x/ai-generated-person-using-steam-mop-on-body-of-water-free-photo.jpeg'),
(437, 'Carpet Cleaner', 'PowerVac', 'Deep cleaning carpet cleaner with heated cleaning', 'https://static.vecteezy.com/system/resources/previews/027/271/087/non_2x/carpet-cleaner-isolated-on-white-background-free-photo.jpg'),
(438, 'Handheld Carpet Cleaner', 'CleanTech', 'Portable spot cleaner for carpets and upholstery', 'https://static.vecteezy.com/system/resources/previews/049/315/324/non_2x/asian-woman-s-hands-using-vacuum-cleaner-on-sofa-free-photo.jpg'),
(439, 'Cordless Vacuum', 'PowerVac', 'Battery powered vacuum with digital motor', 'https://static.vecteezy.com/system/resources/previews/034/160/489/non_2x/the-man-is-holding-a-cordless-vacuum-cleaner-to-clean-the-chair-free-photo.jpg'),
(440, 'Central Vacuum System', 'CleanTech', 'Whole-house central vacuum system with accessories', 'https://example.com/images/beam_central.jpg'),
(441, 'Robotic Mop', 'PowerVac', 'Automated floor mopping robot for hard floors', 'https://static.vecteezy.com/system/resources/previews/024/571/327/non_2x/robotic-vacuum-cleaner-cleaning-the-floor-in-the-living-room-of-a-house-a-futuristic-ai-robot-cleaner-cleaning-the-house-ai-generated-free-photo.jpg'),
(442, 'Window Vacuum', 'CleanTech', 'Electric window cleaner for streak-free glass', 'https://static.vecteezy.com/system/resources/previews/057/529/410/non_2x/cordless-electric-window-vacuum-cleaner-being-used-on-a-large-pane-of-glass-for-cleaning-free-photo.jpeg'),
(443, 'Electric Broom', 'PowerVac', 'Lightweight electric sweeper for quick cleanups', 'https://static.vecteezy.com/system/resources/previews/047/882/201/non_2x/the-housekeeper-is-cleaning-free-photo.jpg'),
(444, 'Wet/Dry Vacuum', 'CleanTech', 'Multi-purpose vacuum for wet and dry messes', 'https://static.vecteezy.com/system/resources/previews/043/171/131/non_2x/ai-generated-close-up-of-hair-dryer-on-purple-surface-free-photo.jpeg'),
(445, 'Steam Cleaner', 'PowerVac', 'Pressurized steam cleaner for multiple surfaces', 'https://static.vecteezy.com/system/resources/previews/057/529/409/non_2x/a-powerful-steam-cleaner-effectively-sanitizing-a-kitchen-surface-free-photo.jpeg'),
(446, 'Handheld Steam Cleaner', 'CleanTech', 'Portable steamer for spot cleaning and sanitizing', 'https://static.vecteezy.com/system/resources/previews/048/327/816/non_2x/modern-sleek-design-electric-iron-free-photo.jpeg'),
(447, 'Car Vacuum', 'PowerVac', 'Specialized vacuum for automotive interiors', 'https://static.vecteezy.com/system/resources/previews/050/631/799/non_2x/vacuum-cleaner-isolated-on-white-background-free-photo.jpg'),
(448, 'Electric Wok', 'ChefChoice', 'Electric wok with temperature control', 'https://static.vecteezy.com/system/resources/previews/011/043/286/non_2x/empty-pan-on-white-free-photo.jpg'),
(449, 'Hot Plate Double Burner', 'Ninja', 'Portable electric cooktop with two burners', 'https://static.vecteezy.com/system/resources/previews/003/063/584/non_2x/the-electric-stove-free-photo.jpg'),
(450, 'Sandwich Maker', 'VitaBlend', 'Breakfast sandwich maker with timer', 'https://static.vecteezy.com/system/resources/previews/007/676/615/non_2x/the-toaster-opens-and-closes-the-lid-free-photo.JPG'),
(451, 'Panini Press', 'ChefChoice', 'Adjustable panini press with non-stick plates', 'https://static.vecteezy.com/system/resources/previews/002/126/787/non_2x/electric-grill-on-a-white-background-free-photo.jpg'),
(452, 'Chocolate Fountain', 'Ninja', 'Three-tier chocolate fondue fountain', 'https://static.vecteezy.com/system/resources/previews/026/372/795/non_2x/chocolate-fountain-on-a-white-background-generative-ai-free-photo.jpeg'),
(453, 'Cotton Candy Maker', 'VitaBlend', 'Countertop cotton candy machine', 'https://static.vecteezy.com/system/resources/previews/053/272/317/non_2x/a-skilled-individual-expertly-operates-a-machine-that-produces-delicious-cotton-candy-skillfully-spinning-it-into-sweet-fluffy-clouds-that-are-truly-delightful-and-enjoyable-to-eat-free-photo.JPG'),
(454, 'Meat Grinder', 'ChefChoice', 'Electric meat grinder with sausage stuffing attachments', 'https://static.vecteezy.com/system/resources/previews/057/529/401/non_2x/vintage-cast-iron-meat-grinder-producing-fresh-ground-meat-free-photo.jpeg'),
(455, 'Electric Smokeless Grill', 'Ninja', 'Indoor smokeless grill with temperature control', 'https://static.vecteezy.com/system/resources/previews/006/037/187/non_2x/new-black-teflon-electric-grill-with-soup-pot-in-the-middle-isolated-on-white-free-photo.JPG'),
(456, 'Smart Coffee Maker', 'VitaBlend', 'Connected coffee maker with scheduled brewing', 'https://static.vecteezy.com/system/resources/previews/030/908/057/non_2x/freshness-in-a-dark-wood-mug-coffee-heat-illuminates-the-table-generated-by-ai-free-photo.jpg'),
(457, 'Chef-Style Crepe Maker', 'ChefChoice', 'Electric crepe maker with temperature control', 'https://static.vecteezy.com/system/resources/previews/007/144/087/non_2x/hands-are-folding-crispy-crepe-on-hot-plate-free-photo.JPG'),
(458, 'Pizza Oven', 'Ninja', 'Rotating pizza oven for homemade pizzas', 'https://static.vecteezy.com/system/resources/previews/001/987/179/non_2x/pizza-being-pulled-out-of-a-pizza-oven-free-photo.jpg'),
(459, 'Soup Maker', 'VitaBlend', 'Automatic soup maker with blend and cook function', 'https://example.com/images/philips_soup.jpg'),
(460, 'Quesadilla Maker', 'ChefChoice', 'Electric quesadilla maker with six wedge sections', 'https://static.vecteezy.com/system/resources/previews/042/660/610/non_2x/preparing-fresh-quesadilla-on-black-grill-at-local-food-market-free-photo.jpg'),
(461, 'Stovetop Pressure Cooker 8 Quart', 'Ninja', 'Traditional pressure cooker for stovetop use', 'https://static.vecteezy.com/system/resources/previews/043/171/319/non_2x/ai-generated-stainless-steel-pressure-cooker-on-counter-free-photo.jpeg'),
(462, 'Microwave Oven 900W', 'VitaBlend', 'Compact 900-watt microwave with digital controls and 10 power levels', 'https://static.vecteezy.com/system/resources/previews/037/170/374/non_2x/ai-generated-a-microwave-oven-sits-in-a-kitchen-free-photo.jpg'),
(463, 'Food Processor 500W', 'ChefChoice', 'Versatile food processor with multiple attachments for chopping, slicing, and shredding', 'https://static.vecteezy.com/system/resources/previews/022/964/730/non_2x/silver-food-processor-with-whisk-on-white-background-isolated-kitchen-electric-mixer-modern-kitchen-appliance-for-cooking-generate-ai-free-photo.jpg'),
(464, 'Electric Kettle 1.7L', 'Ninja', 'Fast-boiling electric kettle with auto shut-off and boil-dry protection', 'https://static.vecteezy.com/system/resources/previews/050/631/762/non_2x/a-electric-kettle-isolated-on-white-background-free-photo.jpg'),
(465, 'Blender Pro 1000W', 'VitaBlend', 'High-powered blender with pulse function and multiple speed settings', 'https://static.vecteezy.com/system/resources/previews/050/632/003/non_2x/a-blender-isolated-on-white-background-free-photo.jpg'),
(466, 'Toaster 4-Slice', 'ChefChoice', 'Wide-slot toaster with adjustable browning control and defrost function', 'https://static.vecteezy.com/system/resources/previews/028/001/545/non_2x/breakfast-toasts-with-toaster-free-photo.jpg'),
(467, 'Coffee Maker 12-Cup', 'Ninja', 'Programmable coffee maker with 24-hour timer and brew-strength control', 'https://static.vecteezy.com/system/resources/previews/002/289/448/non_2x/black-coffee-morning-on-a-coffee-maker-free-photo.jpg'),
(468, 'Stand Mixer 5-Qt', 'VitaBlend', 'Powerful stand mixer with planetary mixing action and 10 speed settings', 'https://static.vecteezy.com/system/resources/previews/037/042/254/non_2x/ai-generated-a-kitchen-mixer-with-a-wooden-top-is-sitting-on-top-of-a-wooden-counter-free-photo.jpg'),
(469, 'Citrus Juicer', 'ChefChoice', 'Centrifugal juicer with wide feed chute and multiple speed settings', 'https://static.vecteezy.com/system/resources/previews/048/512/714/non_2x/plastic-citrus-juicer-on-a-white-background-free-photo.jpg'),
(470, 'Slow Cooker 6-Qt', 'Ninja', 'Programmable slow cooker with digital timer and keep-warm function', 'https://static.vecteezy.com/system/resources/previews/032/575/564/non_2x/the-best-slow-cooker-recipes-for-the-holidays-ai-generated-free-photo.jpg'),
(471, 'Rice Cooker 5', 'VitaBlend', 'Microcomputer rice cooker with fuzzy logic technology and multiple cooking functions', 'https://static.vecteezy.com/system/resources/previews/065/701/996/non_2x/modern-electric-rice-cooker-steaming-food-kitchen-appliance-cooking-free-photo.jpg'),
(472, 'Espresso Machine', 'ChefChoice', '15-bar pump-driven espresso machine with manual frother for cappuccinos', 'https://static.vecteezy.com/system/resources/previews/050/631/812/non_2x/coffee-machine-isolated-on-white-background-free-photo.jpg'),
(473, 'Air Fryer 5.8-Qt', 'Ninja', 'Digital air fryer with 11 preset programs and shake reminder', 'https://static.vecteezy.com/system/resources/previews/030/625/924/non_2x/realistic-of-air-fryer-on-a-table-full-of-ric-free-photo.jpg'),
(474, 'Electric Grill Indoor', 'VitaBlend', 'Indoor electric grill with non-stick coating and floating hinge', 'https://static.vecteezy.com/system/resources/previews/037/336/565/non_2x/ai-generated-a-set-of-small-grilled-meat-burgers-that-are-sitting-on-an-electric-grill-free-photo.jpg'),
(475, 'Hand Mixer 5-Speed', 'ChefChoice', 'Lightweight hand mixer with beaters and whisk attachment', 'https://static.vecteezy.com/system/resources/previews/065/875/632/non_2x/electric-mixer-mixing-flour-on-a-wooden-surface-for-culinary-projects-free-photo.jpg'),
(476, 'Bread Maker 2-Lb', 'Ninja', 'Automatic bread maker with 12 bread settings and 13-hour delay timer', 'https://static.vecteezy.com/system/resources/previews/047/940/601/non_2x/white-stand-mixer-on-white-background-free-photo.jpg'),
(477, 'Pressure Cooker 6-Qt', 'VitaBlend', 'Multi-functional pressure cooker with 7-in-1 cooking capabilities', 'https://static.vecteezy.com/system/resources/previews/032/585/856/non_2x/best-pressure-cookers-for-2021-ai-generated-free-photo.jpg'),
(478, 'Food Dehydrator', 'ChefChoice', '9-tray food dehydrator with adjustable temperature control and timer', 'https://static.vecteezy.com/system/resources/previews/030/644/138/non_2x/photorealistic-professional-food-commercialgrapher-free-photo.jpg'),
(479, 'Ice Cream Maker', 'Ninja', 'Fully automatic ice cream maker with double-insulated freezer bowl', 'https://binuns.co.za/wp-content/uploads/2023/10/11680rw.jpg'),
(480, 'Waffle Maker', 'VitaBlend', 'Non-stick waffle maker with indicator lights and compact design', 'https://static.vecteezy.com/system/resources/previews/003/457/662/non_2x/belgian-waffles-stacked-on-top-of-each-other-and-on-a-plate-photo.jpg'),
(481, 'Electric Griddle', 'ChefChoice', 'Large cooking surface griddle with removable handles and drip tray', 'https://static.vecteezy.com/system/resources/previews/002/126/787/non_2x/electric-grill-on-a-white-background-free-photo.jpg'),
(482, 'Toaster Oven', 'Ninja', 'Smart toaster oven with 8 cooking functions and Element IQ technology', 'https://static.vecteezy.com/system/resources/previews/028/001/545/non_2x/breakfast-toasts-with-toaster-free-photo.jpg'),
(483, 'Food Steamer', 'VitaBlend', '3-tier food steamer with auto-off timer and water level indicator', 'https://static.vecteezy.com/system/resources/previews/024/619/871/non_2x/steamed-dim-sum-basket-pork-dumplings-vegetable-buns-beef-soup-generated-by-ai-free-photo.jpg'),
(484, 'Portable Air Conditioner', 'CoolBreeze', '8,000 BTU portable air conditioner with remote control and 24-hour timer', 'https://static.vecteezy.com/system/resources/previews/009/587/757/non_2x/smart-air-purifier-in-a-bedroom-filter-for-clean-room-free-photo.jpg'),
(485, 'Tower Fan 42-Inch', 'FreshAir', 'Oscillating tower fan with remote control and 3 quiet speeds', 'https://static.vecteezy.com/system/resources/previews/065/443/093/non_2x/a-white-fan-and-a-plant-on-a-table-free-photo.jpeg'),
(486, 'Space Heater Ceramic', 'HeatWave', 'Ceramic space heater with adjustable thermostat and tip-over protection', 'https://static.vecteezy.com/system/resources/previews/056/688/694/non_2x/white-radiator-in-a-room-with-a-wooden-floor-free-photo.jpg'),
(487, 'Window Air Conditioner', 'CoolBreeze', '5,000 BTU window-mounted air conditioner with effortless temperature control', 'https://static.vecteezy.com/system/resources/previews/038/819/925/non_2x/ai-generated-an-air-conditioning-unit-next-to-some-beautiful-grass-free-photo.jpeg'),
(488, 'Oil-Filled Radiator', 'FreshAir', 'Oil-filled radiator heater with adjustable thermostat and timer', 'https://static.vecteezy.com/system/resources/previews/027/802/937/non_2x/portion-of-contemporary-heater-and-plastic-tubing-free-photo.jpg'),
(489, 'Ceiling Fan 52-Inch', 'HeatWave', 'Whisper-quiet ceiling fan with LED light kit and remote control', 'https://static.vecteezy.com/system/resources/previews/002/009/171/non_2x/electric-ceiling-fan-free-photo.JPG'),
(490, 'Dehumidifier 50-Pint', 'CoolBreeze', 'Energy Star certified dehumidifier with continuous drain option', 'https://static.vecteezy.com/system/resources/previews/009/585/795/non_2x/smart-air-purifier-in-a-bedroom-filter-for-clean-room-free-photo.jpg'),
(491, 'Humidifier Cool Mist', 'FreshAir', 'Ultrasonic cool mist humidifier with 6L tank and essential oil tray', 'https://static.vecteezy.com/system/resources/previews/056/982/063/non_2x/a-white-vase-with-a-white-mist-coming-out-of-it-free-photo.jpeg'),
(492, 'Box Fan 20-Inch', 'HeatWave', '3-speed box fan with carry handle and wind ring system', 'https://static.vecteezy.com/system/resources/previews/046/460/500/non_2x/tabletop-white-fan-disperses-cold-air-throughout-the-home-room-free-photo.jpg'),
(493, 'Pedestal Fan 16-Inch', 'CoolBreeze', 'Adjustable height fan with oscillation and 5 speed settings', 'https://static.vecteezy.com/system/resources/previews/052/938/260/non_2x/vintage-standing-fan-with-rustic-design-and-quiet-motor-perfect-for-adding-classic-touch-to-any-room-its-metal-frame-and-wooden-blades-enhance-its-charm-free-photo.jpeg'),
(494, 'Electric Fireplace', 'FreshAir', '3D infrared electric fireplace stove with remote control', 'https://static.vecteezy.com/system/resources/previews/031/300/016/non_2x/cosy-living-room-with-fireplace-and-beautiful-christmas-tree-in-classic-interior-interior-of-living-room-decorated-for-merry-christmas-with-socks-gift-boxes-and-christmas-accessories-by-ai-generated-free-photo.jpg'),
(495, 'Wall-Mounted Heater', 'HeatWave', 'Wall-mounted electric heater with thermostat and auto shut-off', 'https://static.vecteezy.com/system/resources/previews/050/520/251/non_2x/a-room-with-a-white-wall-and-a-white-wall-with-a-white-picture-frame-free-photo.jpeg'),
(496, 'Portable Evaporative Cooler', 'CoolBreeze', '3-in-1 evaporative air cooler with remote control and ice compartment', 'https://static.vecteezy.com/system/resources/previews/004/753/535/non_2x/drink-dispensers-isolated-free-photo.jpg'),
(497, 'Smart Thermostat', 'FreshAir', 'Smart thermostat with room sensors and voice control compatibility', 'https://static.vecteezy.com/system/resources/previews/022/844/813/non_2x/white-air-purifier-dashboard-background-free-photo.jpg'),
(498, 'Infrared Heater', 'HeatWave', 'Portable infrared heater with dual heating systems and remote control', 'https://static.vecteezy.com/system/resources/previews/048/689/331/non_2x/modern-electric-infrared-heater-in-living-room-closeup-free-photo.jpg'),
(499, 'Desk Fan USB', 'CoolBreeze', 'USB desk fan with adjustable speeds and 360-degree rotation', 'https://static.vecteezy.com/system/resources/previews/060/301/974/non_2x/modern-black-desktop-fan-for-optimal-air-circulation-on-white-background-free-photo.jpg'),
(500, 'Ceiling Fan Light Remote', 'FreshAir', 'Universal ceiling fan remote control with light dimmer function', 'https://static.vecteezy.com/system/resources/previews/057/529/448/non_2x/sleek-and-modern-brushed-nickel-fiveblade-ceiling-fan-with-integrated-light-fixture-free-photo.jpeg'),
(501, 'Mini Split AC System', 'HeatWave', 'DIY ductless mini-split air conditioner with heat pump', 'https://static.vecteezy.com/system/resources/previews/006/848/116/non_2x/modern-ceiling-mounted-cassette-type-air-conditioning-system-in-coffee-shop-free-photo.jpg'),
(502, 'Baseboard Heater', 'CoolBreeze', 'Electric baseboard heater with built-in thermostat', 'https://static.vecteezy.com/system/resources/previews/056/688/694/non_2x/white-radiator-in-a-room-with-a-wooden-floor-free-photo.jpg'),
(503, 'Window Fan Dual', 'FreshAir', 'Dual blade window fan with electronically reversible motors', 'https://static.vecteezy.com/system/resources/previews/046/780/928/non_2x/usb-fan-connected-to-a-device-free-photo.jpg'),
(504, 'Patio Heater', 'HeatWave', 'Freestanding propane patio heater with wheels for mobility', 'https://static.vecteezy.com/system/resources/previews/048/179/691/non_2x/white-electric-heater-with-metal-grill-free-photo.jpg'),
(505, 'Ventilation Fan', 'CoolBreeze', 'Bathroom exhaust fan with integrated LED light', 'https://static.vecteezy.com/system/resources/previews/027/940/175/non_2x/mechanical-ventilation-with-heat-recovery-in-a-house-utilizing-metal-mesh-secured-air-intake-and-exhaust-in-the-wall-free-photo.jpg'),
(506, 'HEPA Air Purifier', 'HomeEssentials', 'True HEPA air purifier with air quality indicator and eco mode', 'https://static.vecteezy.com/system/resources/previews/008/937/922/non_2x/air-purifier-in-white-workplace-room-with-filter-for-cleaner-removing-fine-dust-pm2-5-free-photo.jpg'),
(507, 'Electric Blanket', 'UtilityCo', 'Heated electric blanket with dual controllers and 10 heat settings', 'https://static.vecteezy.com/system/resources/previews/058/077/769/non_2x/soft-fluffy-blue-and-white-blanket-texture-free-photo.jpeg'),
(508, 'Hair Dryer Ionic', 'BrightLife', 'Ionic hair dryer with 3 heat settings and cool shot button', 'https://static.vecteezy.com/system/resources/previews/056/661/090/non_2x/hair-dryer-isolated-on-white-background-free-photo.jpg'),
(509, 'Electric Toothbrush', 'SonicCare', 'Rechargeable electric toothbrush with pressure sensor and timer', 'https://static.vecteezy.com/system/resources/previews/056/502/056/non_2x/a-black-and-blue-electric-toothbrush-sitting-on-a-counter-free-photo.jpg'),
(510, 'Electric Razor Men', 'BrightLife', 'Electric shaver with ComfortCut blades and 5-direction flex heads', 'https://static.vecteezy.com/system/resources/previews/057/529/394/non_2x/a-highresolution-closeup-of-a-sleek-modern-electric-razor-with-five-precision-cutting-heads-free-photo.jpeg'),
(511, 'Curling Iron 1-Inch', 'SonicCare', 'Nano titanium curling iron with 50 heat settings', 'https://static.vecteezy.com/system/resources/previews/007/606/982/non_2x/electric-curling-iron-with-ceramic-plates-isolated-on-white-background-top-view-free-photo.jpg'),
(512, 'Ladies Electric Shaver', 'BrightLife', 'Women\'s electric razor with floating foil and trimmer attachments', 'https://static.vecteezy.com/system/resources/previews/052/942/330/non_2x/close-up-one-pink-colored-razor-tool-object-isolated-on-horizontal-ratio-white-background-free-photo.jpg'),
(513, 'Hair Straightener', 'SonicCare', 'Ceramic hair straightener with adjustable temperature and quick heat-up', 'https://static.vecteezy.com/system/resources/previews/007/606/979/non_2x/electric-curling-iron-with-ceramic-plates-isolated-on-white-background-free-photo.jpg'),
(514, 'Water Flosser', 'BrightLife', 'Countertop water flosser with 10 pressure settings and 7 tips', 'https://static.vecteezy.com/system/resources/previews/026/304/845/non_2x/cordless-water-flosser-free-photo.jpg'),
(515, 'Facial Steamer', 'SonicCare', 'Nano ionic facial steamer with warm mist technology', 'https://static.vecteezy.com/system/resources/previews/006/538/227/non_2x/manicure-accessories-scissors-and-file-on-a-white-background-free-photo.JPG'),
(516, ' Nail File', 'BrightLife', 'Professional electric nail drill with 10 attachments', 'https://static.vecteezy.com/system/resources/previews/006/538/227/non_2x/manicure-accessories-scissors-and-file-on-a-white-background-free-photo.JPG'),
(517, ' Foot Massage Board', 'SonicCare', 'Rechargeable foot file with diamond crystal roller head', 'https://static.vecteezy.com/system/resources/previews/054/819/239/non_2x/experience-the-rejuvenating-foot-reflexology-therapy-performed-on-a-specially-designed-wooden-massage-board-free-photo.jpg'),
(518, 'Heated Eyelash Curler', 'BrightLife', 'Electric heated eyelash curler with quick warm-up', 'https://static.vecteezy.com/system/resources/previews/007/606/977/non_2x/black-eyelash-curler-isolated-on-white-background-clipping-path-free-photo.jpg'),
(519, 'Electric Body Trimmer', 'SonicCare', 'All-in-one body groomer with bidirectional trimmer', 'https://static.vecteezy.com/system/resources/previews/007/446/737/non_2x/the-old-electric-shaver-on-white-background-free-photo.jpg'),
(520, 'Facial Cleansing Brush', 'BrightLife', 'Sonic facial cleansing device with smart timer', 'https://static.vecteezy.com/system/resources/previews/004/724/467/non_2x/green-cleaning-brush-on-orange-background-free-photo.jpg'),
(521, 'Electric Hair Clipper Set', 'SonicCare', 'Professional hair clipper set with 8 attachment combs', 'https://static.vecteezy.com/system/resources/previews/003/492/706/non_2x/men-s-haircut-tools-on-a-wooden-dark-background-free-photo.JPG'),
(522, 'Nose Hair Trimmer', 'BrightLife', 'Wet/dry nose and ear hair trimmer with vacuum system', 'https://static.vecteezy.com/system/resources/previews/010/203/492/non_2x/man-is-using-shaver-free-photo.jpg'),
(523, 'Electric Callus Remover', 'SonicCare', 'Rechargeable callus remover with 3 roller heads', 'https://static.vecteezy.com/system/resources/previews/049/154/099/non_2x/asian-woman-use-electric-foot-scrubber-for-treat-and-repair-dry-heel-skin-free-photo.jpg'),
(524, 'Heated Beard Brush', 'BrightLife', 'Electric heated beard straightener with ionic technology', 'https://static.vecteezy.com/system/resources/previews/025/494/099/non_2x/sharp-metallic-drop-on-black-background-reflects-industry-creativity-generated-by-ai-free-photo.jpg'),
(525, 'UV Nail Lamp', 'SonicCare', 'LED UV nail lamp with 4 timer settings and sensor', 'https://static.vecteezy.com/system/resources/previews/065/877/298/non_2x/hands-in-nail-dryer-machine-free-photo.jpg'),
(526, 'Electric Back Massager', 'BrightLife', 'Shiatsu back massager with heat function and 3D massage nodes', 'https://static.vecteezy.com/system/resources/previews/016/206/157/non_2x/white-joystick-isolated-black-background-free-photo.jpg'),
(527, 'Foot Spa Massager', 'SonicCare', 'Foot spa massager with heat, bubbles, and vibration', 'https://static.vecteezy.com/system/resources/previews/001/946/935/non_2x/foot-scanning-device-free-photo.jpg'),
(528, 'Electric Facial Brush', 'BrightLife', 'Silicone facial cleansing device with T-Sonic pulsations', 'https://static.vecteezy.com/system/resources/previews/065/751/886/non_2x/a-woman-is-smiling-while-holding-a-brush-free-photo.jpg'),
(529, 'Baby Hair Trimmer', 'SonicCare', 'Ultra-quiet baby hair trimmer with ceramic blades', 'https://static.vecteezy.com/system/resources/previews/035/740/837/non_2x/a-blue-and-black-electric-shaver-on-a-white-background-free-photo.jpg'),
(530, 'Smart Speaker', 'HomeEssentials', 'Echo smart speaker with Alexa voice assistant', 'https://static.vecteezy.com/system/resources/previews/040/720/761/non_2x/ai-generated-modern-technology-connects-people-through-wireless-communication-indoors-generated-by-ai-free-photo.jpg'),
(531, 'Wireless Doorbell Camera', 'UtilityCo', 'Video doorbell with motion detection and two-way talk', 'https://static.vecteezy.com/system/resources/previews/040/720/761/non_2x/ai-generated-modern-technology-connects-people-through-wireless-communication-indoors-generated-by-ai-free-photo.jpg'),
(532, 'Home Security Camera', 'HomeEssentials', 'Wireless security camera with night vision and weather resistance', 'https://static.vecteezy.com/system/resources/previews/002/182/072/non_2x/security-camera-close-up-free-photo.jpg'),
(533, 'Smart Plug', 'UtilityCo', 'WiFi smart plug with energy monitoring and scheduling', 'https://static.vecteezy.com/system/resources/previews/015/134/699/non_2x/smart-wi-fi-plug-with-energy-monitor-isolated-on-white-background-free-photo.jpg'),
(534, 'Robot Lawn Mower', 'HomeEssentials', 'Robotic lawn mower with rain sensor and anti-theft alarm', 'https://static.vecteezy.com/system/resources/previews/054/414/164/non_2x/robotic-lawn-mower-in-action-on-a-sunny-day-in-a-lush-green-park-free-photo.jpeg'),
(535, 'Smart Light Bulb', 'UtilityCo', 'Color-changing smart LED bulb with app control', 'https://static.vecteezy.com/system/resources/previews/049/088/032/non_2x/decorative-table-arrangement-with-warm-lighting-and-floral-accent-during-evening-free-photo.jpeg'),
(536, 'Digital Safe', 'HomeEssentials', 'Digital electronic safe with keypad and override key', 'https://static.vecteezy.com/system/resources/previews/022/711/489/non_2x/safe-hidden-in-the-wardrobe-home-or-hotel-safe-concept-free-photo.jpg'),
(537, 'Electric Insect Swatter', 'UtilityCo', 'Rechargeable bug zapper racket with 4,000-volt grid', 'https://static.vecteezy.com/system/resources/previews/031/216/286/non_2x/closeup-hand-holds-mosquito-electric-swatter-racket-concept-electric-device-to-kill-mosquitoes-insects-bugs-by-swatting-to-flying-insects-free-photo.JPG'),
(538, 'Electronic Door Lock', 'HomeEssentials', 'Touchscreen deadbolt with built-in alarm technology', 'https://static.vecteezy.com/system/resources/previews/008/641/850/non_2x/man-holding-handle-of-smart-digital-door-lock-while-open-or-close-the-door-technology-electrical-and-lifestyle-concepts-free-photo.jpg'),
(539, 'Weather Station', 'UtilityCo', 'Digital weather station with indoor/outdoor temperature and forecasting', 'https://static.vecteezy.com/system/resources/previews/008/585/329/non_2x/a-weather-station-free-photo.JPG'),
(540, 'Wireless Headphones', 'HomeEssentials', 'Noise-cancelling wireless headphones with 30-hour battery life', 'https://static.vecteezy.com/system/resources/previews/050/024/822/non_2x/highend-wireless-headphones-sleek-black-design-viewed-from-the-side-isolated-on-a-white-background-format-for-clear-detailing-free-photo.jpg'),
(541, 'Smart Thermostat WiFi', 'UtilityCo', 'Learning thermostat with WiFi connectivity and energy history', 'https://static.vecteezy.com/system/resources/previews/059/338/414/non_2x/a-modern-smart-thermostat-is-mounted-on-the-wall-free-photo.jpeg'),
(542, 'Digital Photo Frame', 'HomeEssentials', 'WiFi digital photo frame with motion sensor and mobile app', 'https://static.vecteezy.com/system/resources/previews/042/702/644/non_2x/empty-frame-next-to-a-flower-pot-on-a-white-background-free-photo.jpg'),
(543, 'Home WiFi System', 'UtilityCo', 'Mesh WiFi system with tri-band technology and TrueMesh', 'https://static.vecteezy.com/system/resources/previews/041/488/301/non_2x/ai-generated-white-router-on-table-free-photo.jpeg'),
(544, 'Sunrise Alarm Clock', 'HomeEssentials', 'Wake-up light with sunrise simulation and natural sounds', 'https://static.vecteezy.com/system/resources/previews/024/639/958/non_2x/digital-clock-timer-counts-down-minutes-with-wireless-keypad-control-generated-by-ai-free-photo.jpg'),
(545, 'Paper Shredder', 'UtilityCo', 'Cross-cut paper shredder with 8-sheet capacity', 'https://static.vecteezy.com/system/resources/previews/065/445/834/non_2x/a-shredder-is-shown-with-shred-paper-free-png.png'),
(546, 'Portable Bluetooth Speaker', 'HomeEssentials', 'Waterproof portable speaker with 12-hour battery life', 'https://static.vecteezy.com/system/resources/previews/050/631/682/non_2x/portable-speaker-isolated-on-white-background-free-photo.jpg'),
(547, 'Digital Meat Thermometer', 'UtilityCo', 'Wireless meat thermometer with dual probes and 300ft range', 'https://static.vecteezy.com/system/resources/previews/020/164/121/non_2x/closeup-and-crop-small-medical-thermometers-line-up-isolate-on-white-background-free-photo.jpg');
INSERT INTO `product` (`ProductID`, `ProductName`, `Brand`, `Description`, `ImageURL`) VALUES
(548, 'Electric Pencil Sharpener', 'HomeEssentials', 'Electric pencil sharpener with SafeStart and XHC cutter', 'https://static.vecteezy.com/system/resources/previews/002/143/521/non_2x/wooden-pencil-sharpener-free-photo.jpg'),
(549, 'Baby Monitor', 'UtilityCo', 'Video baby monitor with interchangeable lens and remote pan/tilt', 'https://static.vecteezy.com/system/resources/previews/021/033/636/non_2x/close-up-of-temp-monitor-of-baby-incubator-in-the-hospital-with-show-the-number-of-temperatures-used-to-warm-the-sick-newborn-inside-free-photo.jpg'),
(550, 'Indoor Garden', 'HomeEssentials', 'Countertop hydroponic garden with LED grow light', 'https://static.vecteezy.com/system/resources/previews/022/782/226/non_2x/flower-in-pot-pink-red-flowers-decorate-in-shelf-ion-the-garden-free-photo.JPG'),
(551, 'Gaming Console', 'UtilityCo', 'PlayStation 5 gaming console with wireless controller', 'https://static.vecteezy.com/system/resources/previews/030/493/884/non_2x/white-gamepad-isolated-on-white-background-3d-rendering-computer-digital-drawing-ai-generated-free-photo.jpg'),
(552, 'Projector HD', 'HomeEssentials', 'Home cinema projector with 3LCD technology and built-in speakers', 'https://static.vecteezy.com/system/resources/previews/015/399/593/non_2x/close-up-white-projector-in-the-meeting-room-free-photo.jpg'),
(553, 'Smart Scale', 'UtilityCo', 'WiFi smart scale with body composition analysis', 'https://static.vecteezy.com/system/resources/previews/060/291/084/non_2x/a-robotic-vacuum-cleaner-on-the-floor-in-front-of-a-mountain-view-free-photo.jpeg'),
(554, 'Ultrasonic Cleaner Tank', 'HomeEssentials', 'Digital ultrasonic cleaner with heater for jewelry and parts', 'https://static.vecteezy.com/system/resources/previews/048/396/879/non_2x/red-plastic-canister-for-fuel-isolate-free-photo.jpg'),
(555, 'Electric Wine Aerator', 'UtilityCo', 'One-touch wine aerator with stand', 'https://static.vecteezy.com/system/resources/previews/058/484/520/non_2x/a-wine-glass-and-bottle-on-a-wooden-stand-free-photo.jpg'),
(556, 'White Noise Machine', 'HomeEssentials', 'White noise and fan sound machine with 20 unique non-looping sounds', 'https://static.vecteezy.com/system/resources/previews/050/684/032/non_2x/pure-energy-clean-and-electric-aesthetics-free-photo.JPG'),
(557, 'Smart WiFi Router', 'UtilityCo', 'Tri-band WiFi router with beamforming and MU-MIMO technology', 'https://static.vecteezy.com/system/resources/previews/035/796/801/non_2x/ai-generated-wireless-router-with-smart-technology-sitting-on-top-free-photo.jpg'),
(558, 'Smart Home Hub', 'HomeEssentials', 'SmartThings hub connecting compatible smart home devices', 'https://static.vecteezy.com/system/resources/previews/051/695/495/non_2x/modern-speaker-on-a-reflective-surface-illuminated-by-soft-blue-light-in-a-minimalist-setting-free-photo.jpeg'),
(559, ' Stapler', 'UtilityCo', 'Electric stapler with 20-sheet capacity and quiet operation', 'https://static.vecteezy.com/system/resources/previews/052/069/010/non_2x/black-stapler-and-staples-on-white-free-photo.jpg'),
(560, 'USB Charging Station', 'HomeEssentials', '6-port desktop charging station with PowerIQ technology', 'https://static.vecteezy.com/system/resources/previews/049/414/090/non_2x/modern-charger-with-colorful-usb-cables-on-a-pastel-backdrop-free-photo.jpeg'),
(561, 'Digital Timer', 'UtilityCo', 'Digital kitchen timer with large display and magnetic back', 'https://static.vecteezy.com/system/resources/previews/017/688/199/non_2x/digital-kitchen-timer-white-color-and-light-blue-color-on-dark-background-free-photo.jpg'),
(562, 'Electronic Key Finder', 'HomeEssentials', 'Bluetooth item finder with replaceable battery', 'https://static.vecteezy.com/system/resources/previews/065/405/655/non_2x/white-leather-keychain-with-metal-ring-on-white-background-free-photo.jpg'),
(563, 'HDMI Splitter', 'UtilityCo', '1x4 HDMI splitter with 4K resolution support', 'https://static.vecteezy.com/system/resources/previews/025/372/417/non_2x/hdmi-multiple-selector-isolated-on-yellow-background-free-photo.jpg'),
(564, 'Wireless Printer', 'HomeEssentials', 'All-in-one wireless printer with mobile printing capability', 'https://static.vecteezy.com/system/resources/previews/014/538/141/non_2x/document-scanner-office-scanner-office-equipment-free-photo.jpg'),
(565, 'Vacuum Sealing Packets', 'UtilityCo', 'Vacuum sealing system with built-in bag cutter and roll storage', 'https://static.vecteezy.com/system/resources/previews/048/174/566/non_2x/yellow-and-blue-plastic-bags-on-a-white-background-free-photo.jpg'),
(566, 'Electric Pressure Washer', 'HomeEssentials', '2030 PSI electric pressure washer with 5 quick-connect spray tips', 'https://static.vecteezy.com/system/resources/previews/006/538/853/non_2x/high-pressure-washer-on-concrete-floor-free-photo.jpg'),
(567, 'Aromatherapy Diffuser', 'UtilityCo', 'Essential oil diffuser with 7 LED color options and 4 timer settings', 'https://static.vecteezy.com/system/resources/previews/036/090/031/non_2x/ai-generated-aroma-oasis-essential-oil-diffusion-for-a-spring-cleaning-banner-free-photo.jpg'),
(568, 'Label Printer', 'HomeEssentials', 'P-touch label maker with QWERTY keyboard and 14 fonts', 'https://static.vecteezy.com/system/resources/previews/056/808/821/non_2x/large-format-printer-printing-vibrant-color-swatches-and-s-free-photo.jpg'),
(569, 'Digital Body Scale', 'UtilityCo', 'Digital bathroom scale with high precision sensors', 'https://static.vecteezy.com/system/resources/previews/002/164/470/non_2x/digital-weight-scale-free-photo.jpg'),
(570, 'Robot Vacuum', 'CleanTech', 'Roomba robot vacuum with 3-stage cleaning system and dirt detect sensors', 'https://static.vecteezy.com/system/resources/previews/024/576/722/non_2x/robotic-vacuum-cleaner-cleaning-floor-in-modern-living-room-3d-rendering-a-futuristic-ai-robot-cleaner-cleaning-the-house-ai-generated-free-photo.jpg'),
(571, 'Stick Vacuum Cordless', 'PowerVac', 'Cordless stick vacuum with digital motor and whole-machine filtration', 'https://static.vecteezy.com/system/resources/previews/036/730/886/non_2x/ai-generated-a-hoover-on-a-hardwood-floor-free-photo.jpg'),
(572, 'Carpet Cleaner', 'CleanTech', 'Full-size carpet cleaner with HeatWave technology and EdgeSweep brushes', 'https://static.vecteezy.com/system/resources/previews/044/648/628/non_2x/woman-cleaning-with-vacuum-cleaner-carpet-in-the-living-room-at-home-generated-by-ai-free-photo.jpg'),
(573, 'Handheld Vacuum', 'PowerVac', 'Cordless handheld vacuum with cyclonic action and rotating nozzle', 'https://static.vecteezy.com/system/resources/previews/056/997/336/non_2x/man-using-vacuum-cleaner-on-sofa-free-photo.jpg'),
(574, 'Steam Mop', 'CleanTech', 'Steam mop with dual-sided dirt grip pads and 3 steam settings', 'https://static.vecteezy.com/system/resources/previews/057/529/409/non_2x/a-powerful-steam-cleaner-effectively-sanitizing-a-kitchen-surface-free-photo.jpeg'),
(575, 'Canister Vacuum', 'PowerVac', 'Bagged canister vacuum with AirClean filtration system', 'https://static.vecteezy.com/system/resources/previews/027/057/907/non_2x/modern-red-vacuum-cleaner-on-gray-background-generative-ai-free-photo.jpeg'),
(576, 'Upright Vacuum', 'CleanTech', 'WindTunnel upright vacuum with HEPA filter and pet tools', 'https://static.vecteezy.com/system/resources/previews/037/112/844/non_2x/ai-generated-person-vacuuming-and-cleaning-a-carpeting-free-photo.jpeg'),
(577, 'Window Vacuum', 'PowerVac', 'Cordless window vacuum for streak-free cleaning of glass surfaces', 'https://static.vecteezy.com/system/resources/previews/057/529/410/non_2x/cordless-electric-window-vacuum-cleaner-being-used-on-a-large-pane-of-glass-for-cleaning-free-photo.jpeg'),
(578, 'Air Purifier HEPA', 'HomeEssentials', 'True HEPA air purifier with allergen remover and 4 cleaning levels', 'https://static.vecteezy.com/system/resources/previews/026/416/031/non_2x/air-purifier-white-bedroom-for-filter-air-pollution-concept-ai-generated-free-photo.jpg'),
(579, 'Steam Cleaner', 'PowerVac', 'Heavy-duty steam cleaner with 18 accessories and 45-minute runtime', 'https://static.vecteezy.com/system/resources/previews/057/529/405/non_2x/efficient-fabric-steaming-free-photo.jpeg'),
(580, 'Handheld Steam Cleaner', 'CleanTech', 'Handheld steam cleaner with 9 accessories for detailed cleaning', 'https://static.vecteezy.com/system/resources/previews/065/337/212/non_2x/using-steaming-iron-to-ironing-shirt-in-home-doing-stream-vapor-iron-for-press-clothes-in-hand-close-up-free-photo.jpg'),
(581, 'Wet-Dry Vacuum', 'PowerVac', '5-gallon wet/dry vacuum with 4.5 peak HP motor', 'https://static.vecteezy.com/system/resources/previews/036/730/886/non_2x/ai-generated-a-hoover-on-a-hardwood-floor-free-photo.jpg'),
(582, 'Electric Spin Scrubber', 'CleanTech', 'Cordless spin scrubber with 3 brush heads and extension handle', 'https://static.vecteezy.com/system/resources/previews/037/206/133/non_2x/ai-generated-beautiful-girl-holding-a-hairdryer-over-isolated-blue-background-free-photo.jpeg'),
(583, 'Ultrasonic Jewelry Cleaner', 'PowerVac', 'Digital ultrasonic jewelry cleaner with 5 cleaning cycles', 'https://static.vecteezy.com/system/resources/previews/009/313/054/non_2x/female-hand-use-tweezer-for-calibrate-the-specific-gravity-precious-stone-for-separate-the-type-of-stone-with-the-hydrostatic-weighing-balance-free-photo.jpg'),
(584, 'Upholstery Cleaner', 'CleanTech', 'Portable upholstery and carpet cleaner with self-cleaning tool', 'https://static.vecteezy.com/system/resources/previews/002/008/228/non_2x/using-high-heat-steam-to-kill-germs-to-clean-car-seats-free-photo.jpg'),
(585, 'Car Vacuum', 'PowerVac', 'Portable car vacuum cleaner with 3 attachments and HEPA filter', 'https://static.vecteezy.com/system/resources/previews/046/296/333/non_2x/people-washing-cars-free-photo.jpg'),
(586, 'Robotic Mop', 'CleanTech', 'Braava jet robot mop with precision jet spray and vibrating cleaning head', 'https://static.vecteezy.com/system/resources/previews/024/576/722/non_2x/robotic-vacuum-cleaner-cleaning-floor-in-modern-living-room-3d-rendering-a-futuristic-ai-robot-cleaner-cleaning-the-house-ai-generated-free-photo.jpg'),
(587, 'Robot Vacuum', 'PowerVac', 'Whole-house central vacuum power unit with 500 air watts', 'https://static.vecteezy.com/system/resources/previews/009/285/268/non_2x/young-happy-woman-relaxing-and-using-smartphone-in-living-room-while-robotic-vacuum-cleaner-working-free-photo.jpg'),
(588, 'Lint Remover', 'CleanTech', 'Electric fabric shaver and lint remover with 3 interchangeable heads', 'https://static.vecteezy.com/system/resources/previews/003/867/139/non_2x/roller-on-white-free-photo.jpg'),
(589, 'Garment Steamer', 'PowerVac', 'Full-size garment steamer with telescopic pole and 4 attachments', 'https://static.vecteezy.com/system/resources/previews/057/529/357/non_2x/steaming-a-delicate-lace-dress-to-perfection-for-a-flawless-and-elegant-look-free-photo.jpeg'),
(590, 'Hand Vacuum Pet', 'CleanTech', 'Pet hair eraser handheld vacuum with specialized rubber nozzle', 'https://static.vecteezy.com/system/resources/previews/057/529/380/non_2x/powerful-handheld-vacuum-cleaner-efficiently-cleaning-kitchen-countertop-spills-free-photo.jpeg'),
(591, 'Floor Polisher', 'PowerVac', 'Commercial grade floor polisher with twin counter-rotating brushes', 'https://static.vecteezy.com/system/resources/previews/041/328/069/non_2x/ai-generated-worker-cleaning-floor-with-vacuum-cleaner-cleaning-service-concept-free-photo.jpg'),
(592, 'Ultrasonic Pest Repeller', 'HomeEssentials', 'Electronic ultrasonic pest repeller with nightlight', 'https://static.vecteezy.com/system/resources/previews/048/167/114/non_2x/close-up-of-smoke-detector-on-ceiling-free-photo.jpg'),
(593, 'Cordless Electrostatic Sprayer', 'UtilityCo', 'Battery-powered electrostatic disinfectant sprayer', 'https://static.vecteezy.com/system/resources/previews/005/130/400/non_2x/a-medical-staff-in-ppe-suit-is-using-disinfectant-spray-in-living-room-covid-19-protection-disinfection-concept-free-photo.jpg'),
(594, 'Shoe Sanitizer', 'HomeEssentials', 'Ozone shoe and gear sanitizer', 'https://static.vecteezy.com/system/resources/previews/021/866/665/non_2x/a-shoe-being-washed-using-a-scarpavapor-steam-cleaner-free-photo.JPG'),
(595, 'Steam Iron', 'UtilityCo', 'Steam ironing system with honeycomb soleplate and automatic temperature', 'https://static.vecteezy.com/system/resources/previews/039/270/829/non_2x/ai-generated-white-ironing-sheet-with-blue-shirts-and-white-blouses-free-photo.jpeg'),
(596, 'Toilet Bowl Cleaner', 'CleanTech', 'Electric toilet bowl cleaning brush with extension wand', 'https://static.vecteezy.com/system/resources/previews/004/639/247/non_2x/maid-cleaning-toilet-bowl-with-brush-in-bathroom-at-home-free-photo.jpg'),
(597, 'Stove Top Cleaner', 'PowerVac', 'Electric cooktop cleaning tool with scrubbing pads', 'https://static.vecteezy.com/system/resources/previews/055/970/821/non_2x/a-stack-of-blue-towels-on-top-of-a-stove-free-photo.jpeg'),
(598, 'Blind Cleaner', 'CleanTech', 'Microfiber blind duster with 5 washable sleeves', 'https://static.vecteezy.com/system/resources/previews/054/501/869/non_2x/a-person-in-blue-gloves-cleaning-a-window-blind-free-photo.jpeg'),
(599, 'Ceiling Fan Duster', 'PowerVac', 'Extendable ceiling fan duster with microfiber head', 'https://static.vecteezy.com/system/resources/previews/008/111/583/non_2x/old-feather-duster-isolated-on-white-background-photo.jpg'),
(600, 'Self-Cleaning Litter Box', 'CleanTech', 'Automatic self-cleaning litter box with carbon filter', 'https://static.vecteezy.com/system/resources/previews/041/408/773/non_2x/ai-generated-cat-laying-in-yellow-and-blue-cat-bed-free-photo.jpeg'),
(601, 'Ceiling Fan Light Remote', 'CoolBreeze', 'Universal ceiling fan remote control with light dimmer function', 'http://static.vecteezy.com/system/resources/previews/014/181/450/non_2x/remote-control-isolated-on-green-background-with-clipping-path-free-photo.jpg'),
(602, 'Mini Split AC System', 'FreshAir', 'DIY ductless mini-split air conditioner with heat pump', 'https://static.vecteezy.com/system/resources/previews/059/580/963/non_2x/two-air-conditioners-mounted-on-the-wall-in-a-white-room-free-photo.jpg'),
(603, 'Baseboard Heater', 'HeatWave', 'Electric baseboard heater with built-in thermostat', 'https://static.vecteezy.com/system/resources/previews/051/737/765/non_2x/a-plant-in-a-pot-on-a-blue-wall-free-photo.jpg'),
(604, 'Window Fan Dual', 'CoolBreeze', 'Dual blade window fan with electronically reversible motors', 'https://static.vecteezy.com/system/resources/previews/049/046/363/non_2x/close-up-gray-outdoor-air-conditioner-exhaust-fan-texture-isolated-on-horizontal-full-frame-background-free-photo.jpg'),
(605, 'Patio Heater', 'FreshAir', 'Freestanding propane patio heater with wheels for mobility', 'https://static.vecteezy.com/system/resources/previews/023/701/834/non_2x/comfortable-autumn-cozy-outdoor-illustration-ai-generative-free-photo.jpg'),
(606, 'Ventilation Fan', 'HeatWave', 'Bathroom exhaust fan with integrated LED light', 'https://static.vecteezy.com/system/resources/previews/020/171/634/non_2x/ceiling-mounted-cassette-type-air-conditioner-and-modern-lamp-light-on-white-ceiling-duct-air-conditioner-for-home-or-office-free-photo.jpg'),
(607, 'HEPA Air Purifier', 'UtilityCo', 'True HEPA air purifier with air quality indicator and eco mode', 'https://static.vecteezy.com/system/resources/previews/047/536/106/non_2x/humidifier-or-air-purifier-in-the-children-s-room-generated-by-artificial-intelligence-free-photo.jpg'),
(608, 'Hand Warmer Pouch', 'HomeEssentials', 'Heated electric blanket with dual controllers and 10 heat settings', 'https://static.vecteezy.com/system/resources/previews/054/385/329/non_2x/clean-white-food-packing-mockup-free-photo.jpg'),
(609, 'Ceiling Fan No Light', 'HeatWave', '52-inch industrial ceiling fan with 3 speed settings', 'https://static.vecteezy.com/system/resources/previews/002/009/171/non_2x/electric-ceiling-fan-free-photo.JPG'),
(610, 'Outdoor Misting Fan', 'CoolBreeze', 'Oscillating outdoor misting fan with 3 cooling speeds', 'https://static.vecteezy.com/system/resources/previews/057/529/359/non_2x/dusty-room-electric-fan-blade-spinning-at-a-high-speed-in-motion-free-photo.jpeg'),
(611, 'Electric Icecream  Maker', 'Ninja', '7-jar yogurt maker with timer and automatic shut-off', 'https://images.unsplash.com/photo-1677091508049-d8ae041b1582?q=80&w=2070&auto=format&fit=crop&ixlib=rb-4.1.0&ixid=M3wxMjA3fDB8MHxwaG90by1wYWdlfHx8fGVufDB8fHx8fA%3D%3D'),
(612, 'Sous Vide Precision Cooker', 'VitaBlend', 'Precision cooker with Bluetooth connectivity and temperature control', 'https://static.vecteezy.com/system/resources/previews/032/567/338/non_2x/an-electric-pressure-cooker-with-an-egg-and-bread-on-a-table-ai-generated-free-photo.jpg'),
(613, 'Electric Wine Opener', 'ChefChoice', 'Cordless electric wine opener with foil cutter and charging base', 'https://static.vecteezy.com/system/resources/previews/001/224/699/non_2x/corkscrew-on-blue-background-free-photo.jpeg'),
(614, 'Countertop Ice Maker', 'Ninja', 'Portable ice maker producing 26 pounds of ice per day', 'https://images.unsplash.com/photo-1739528660620-89a665b3a4db?q=80&w=2127&auto=format&fit=crop&ixlib=rb-4.1.0&ixid=M3wxMjA3fDB8MHxwaG90by1wYWdlfHx8fGVufDB8fHx8fA%3D%3D'),
(615, 'Electric Egg Cooker', 'VitaBlend', '7-capacity egg cooker with auto shut-off and buzzer alert', 'https://static.vecteezy.com/system/resources/previews/011/043/286/non_2x/empty-pan-on-white-free-photo.jpg'),
(616, 'Food Vacuum Sealer', 'ChefChoice', 'Vacuum sealing system with built-in bag cutter and seal indicator', 'https://static.vecteezy.com/system/resources/previews/048/174/566/non_2x/yellow-and-blue-plastic-bags-on-a-white-background-free-photo.jpg'),
(617, 'Electric Wok', 'Ninja', '14-inch electric wok with non-stick surface and tempered glass lid', 'https://static.vecteezy.com/system/resources/previews/011/043/286/non_2x/empty-pan-on-white-free-photo.jpg'),
(618, 'Milk Frother', 'VitaBlend', 'Automatic milk frother for hot and cold milk froth', 'https://static.vecteezy.com/system/resources/previews/001/740/394/non_2x/milk-stream-foamer-isolated-on-white-background-free-photo.jpg'),
(619, 'Panini Press', 'ChefChoice', '5-in-1 griddler with panini press and waffle plates', 'https://static.vecteezy.com/system/resources/previews/048/812/644/non_2x/panini-press-on-a-white-background-free-photo.jpeg'),
(620, 'Electric Salt and Pepper Mill', 'Ninja', 'Battery-operated salt and pepper mill with LED light', 'https://static.vecteezy.com/system/resources/previews/059/883/788/non_2x/a-simple-yet-elegant-breakfast-composition-with-a-fried-egg-tomato-braised-white-beans-and-a-crunchy-toast-topped-with-avocado-and-black-salt-free-photo.jpg'),
(621, 'Blind Cleaner', 'PowerVac', 'Microfiber blind duster with 5 washable sleeves', 'https://static.vecteezy.com/system/resources/previews/054/501/869/non_2x/a-person-in-blue-gloves-cleaning-a-window-blind-free-photo.jpeg'),
(622, 'Ceiling Fan Duster', 'CleanTech', 'Extendable ceiling fan duster with microfiber head', 'https://static.vecteezy.com/system/resources/previews/001/920/273/non_2x/hand-holding-a-duster-free-photo.jpg'),
(623, 'Self-Cleaning Litter Box', 'PowerVac', 'Automatic self-cleaning litter box with carbon filter', 'https://media.istockphoto.com/id/1220156774/photo/domestic-cat-inside-of-closed-litter-box-in-living-room-stock-photo.jpg?s=612x612&w=0&k=20&c=U6MpqILuEsJ8ziT0SLTdUPzNvZAo3UOv-LXuA52G8AI='),
(624, 'UV Light Sanitizer', 'HomeEssentials', 'UV light sanitizer wand for surface disinfection', 'https://static.vecteezy.com/system/resources/previews/056/486/353/non_2x/efficient-technology-solutions-for-modern-workspaces-free-png.png'),
(625, 'Pet Hair Remover', 'PowerVac', 'Reusable pet hair remover roller for furniture and upholstery', 'https://static.vecteezy.com/system/resources/previews/003/867/139/non_2x/roller-on-white-free-photo.jpg'),
(626, 'Electronic Drain Cleaner', 'CleanTech', 'Powered drain snake with auto-feed capability', 'https://static.vecteezy.com/system/resources/previews/048/228/527/non_2x/man-chose-to-use-exterminate-chemicals-termites-that-are-not-toxic-to-humans-are-mixed-with-water-in-a-tank-for-spraying-exterminate-termites-allow-young-men-to-spray-termites-themselves-by-himself-free-photo.jpg'),
(627, 'Bug Zapper Indoor', 'UtilityCo', 'Electronic insect killer with octenol attractant', 'https://static.vecteezy.com/system/resources/previews/048/179/691/non_2x/white-electric-heater-with-metal-grill-free-photo.jpg'),
(628, 'Shoe Dryer', 'HomeEssentials', 'Original 2-shoe electric dryer for footwear', 'https://media.istockphoto.com/id/1298264324/photo/portable-shoes-dryer-or-personal-shoe-heater.jpg?s=612x612&w=0&k=20&c=iNyFV9LbtJotqoYAWevYiyl0MOFLeOCW7pSyMwlirGk='),
(629, 'Counter-Depth Refrigerator 22 cu.ft', 'Ninja', 'Sleek counter-depth design for a built-in look', 'https://static.vecteezy.com/system/resources/previews/027/057/024/non_2x/modern-kitchen-interior-with-green-fridge-generative-ai-free-photo.jpeg'),
(630, 'Wine Cooler 38 Bottle', 'VitaBlend', 'Dual zone wine refrigerator with temperature control', 'https://static.vecteezy.com/system/resources/previews/034/338/742/non_2x/wine-fridge-cooler-with-ai-generated-free-png.png'),
(631, 'Beverage Center 5.5 cu.ft', 'ChefChoice', 'Dedicated beverage refrigerator with glass door', 'https://static.vecteezy.com/system/resources/previews/047/242/882/non_2x/wine-and-refrigerator-cabinet-in-the-kitchen-isolated-on-transparent-background-free-png.png'),
(632, 'Chest Freezer 7 cu.ft', 'Ninja', 'Horizontal chest freezer with removable basket', 'https://static.vecteezy.com/system/resources/previews/060/284/885/non_2x/modern-white-chest-freezer-isolated-free-png.png'),
(633, 'Upright Freezer 14 cu.ft', 'VitaBlend', 'Frost-free upright freezer with digital temperature control', 'https://static.vecteezy.com/system/resources/previews/065/690/319/non_2x/side-view-small-size-open-door-showcase-3d-render-illustration-free-png.png'),
(634, 'Commercial Refrigerator 47 cu.ft', 'ChefChoice', 'Heavy duty commercial refrigerator for restaurants', 'https://static.vecteezy.com/system/resources/previews/059/154/187/non_2x/commercial-store-fridge-with-chilled-goods-on-transparent-background-free-png.png'),
(635, 'Smart 4-Door Refrigerator 28 cu.ft', 'Ninja', 'Connected refrigerator with touchscreen and cameras', 'https://static.vecteezy.com/system/resources/previews/060/821/190/non_2x/modern-smart-refrigerator-with-interactive-touchscreen-panels-free-png.png'),
(636, 'Retro Refrigerator 7 cu.ft', 'VitaBlend', 'Vintage-style refrigerator with modern technology', 'https://static.vecteezy.com/system/resources/previews/056/815/393/non_2x/retro-style-silver-refrigerator-with-a-rounded-top-and-a-chrome-handle-standing-tall-and-free-png.png'),
(637, 'Portable Refrigerator 1.7 cu.ft', 'ChefChoice', 'Thermoelectric mini fridge for travel and outdoors', 'https://static.vecteezy.com/system/resources/previews/034/850/327/non_2x/cooler-collection-isolated-on-white-background-with-ai-generated-free-photo.jpg'),
(638, 'Under Counter Refrigerator 5.5 cu.ft', 'Ninja', 'Built-in refrigerator for custom kitchen installations', 'https://static.vecteezy.com/system/resources/previews/044/180/934/non_2x/beverage-cooler-with-blank-bottle-mockups-for-refreshing-drinks-free-photo.jpg'),
(639, 'Toaster Oven 8-Slice', 'VitaBlend', 'Multi-function toaster oven with convection', 'https://static.vecteezy.com/system/resources/previews/065/702/086/non_2x/gourmet-toaster-with-wooden-accents-and-toasting-bread-slices-free-photo.jpg'),
(640, 'Electric Pressure Cooker 6 Quart', 'ChefChoice', 'Multi-cooker with pressure cooking capability', 'https://static.vecteezy.com/system/resources/previews/032/591/620/non_2x/an-electric-pressure-cooker-with-eggs-and-vegetables-ai-generated-free-photo.jpg'),
(641, 'Slow Cooker 7 Quart', 'Ninja', 'Programmable slow cooker with digital timer', 'https://static.vecteezy.com/system/resources/previews/048/173/740/non_2x/white-electric-slow-cooker-with-black-accents-free-photo.jpg'),
(642, 'Rice Cooker 10 Cup', 'VitaBlend', 'Fuzzy logic rice cooker with multiple grain settings', 'https://static.vecteezy.com/system/resources/previews/030/492/966/non_2x/white-rice-cooker-on-the-white-table-and-beige-background-stock-ai-generated-free-photo.jpg'),
(643, 'Air Fryer 5.8 Quart', 'ChefChoice', 'Digital air fryer with multiple preset cooking functions', 'https://static.vecteezy.com/system/resources/previews/065/875/591/non_2x/air-fryer-and-fresh-vegetables-on-a-countertop-for-healthy-cooking-free-photo.jpg'),
(644, 'Stand Mixer 5 Quart', 'Ninja', 'Tilt-head stand mixer with stainless steel bowl', 'https://static.vecteezy.com/system/resources/previews/022/875/518/non_2x/silver-food-processor-with-whisk-on-white-background-isolated-kitchen-electric-mixer-modern-kitchen-appliance-for-cooking-generate-ai-free-photo.jpg'),
(645, 'Hand Mixer 5-Speed', 'VitaBlend', 'Electric hand mixer with whisk attachment', 'https://static.vecteezy.com/system/resources/previews/065/875/632/non_2x/electric-mixer-mixing-flour-on-a-wooden-surface-for-culinary-projects-free-photo.jpg'),
(646, 'Food Processor 14 Cup', 'ChefChoice', 'Full-size food processor with multiple blades', 'https://static.vecteezy.com/system/resources/previews/035/755/641/non_2x/ai-generated-a-food-processor-in-a-kitchen-is-taking-carrots-free-photo.jpg'),
(647, 'Blender 64 oz', 'Ninja', 'High-performance blender with variable speed control', 'https://static.vecteezy.com/system/resources/previews/007/773/126/non_2x/empty-pastel-purple-electric-blender-with-filter-toughened-glass-jug-dry-grinder-and-speed-selector-isolated-on-white-background-blender-and-grinder-machine-for-healthy-lifestyle-kitchen-appliance-free-photo.jpg'),
(648, 'Hand Blender 300 Watt', 'VitaBlend', 'Immersion blender with multiple attachments', 'https://static.vecteezy.com/system/resources/previews/022/596/309/non_2x/orange-coffee-mixer-on-white-background-handheld-milk-frother-free-photo.jpeg'),
(649, 'Toaster ', 'ChefChoice', 'Retro style toaster with bagel function', 'https://static.vecteezy.com/system/resources/previews/004/624/146/non_2x/roasted-bread-near-electric-toaster-free-photo.jpg'),
(650, 'Electric Kettle 1.7 Liter', 'Ninja', 'Cordless electric kettle with temperature control', 'https://static.vecteezy.com/system/resources/previews/027/954/207/non_2x/silver-electric-kettle-on-a-white-background-free-photo.jpg'),
(651, 'Coffee Maker ', 'VitaBlend', 'Programmable coffee maker with thermal carafe', 'https://static.vecteezy.com/system/resources/previews/030/492/811/non_2x/coffee-maker-and-two-cups-of-coffee-on-a-white-table-ai-generated-free-photo.jpg'),
(652, 'Espresso Machine', 'ChefChoice', 'Semi-automatic espresso machine with built-in grinder', 'https://static.vecteezy.com/system/resources/previews/014/945/301/non_2x/coffee-extraction-from-the-coffee-machine-with-a-portafilter-pouring-coffee-into-a-cup-espresso-poruing-from-coffee-machine-at-coffee-shop-free-photo.jpg'),
(653, 'Soap', 'GeneralAppliance', 'Its a bar of soap', 'https://static.vecteezy.com/system/resources/previews/005/937/275/non_2x/handmade-soap-bars-and-green-leaves-free-photo.jpg');

-- --------------------------------------------------------

--
-- Table structure for table `productcategory`
--

CREATE TABLE `productcategory` (
  `ProductID` int(11) NOT NULL,
  `CategoryID` int(11) NOT NULL
) ENGINE=InnoDB DEFAULT CHARSET=utf8mb4 COLLATE=utf8mb4_unicode_ci;

--
-- Dumping data for table `productcategory`
--

INSERT INTO `productcategory` (`ProductID`, `CategoryID`) VALUES
(346, 3),
(346, 5),
(348, 4),
(349, 3),
(350, 3),
(351, 7),
(352, 6),
(353, 1),
(354, 3),
(355, 2),
(356, 4),
(357, 3),
(358, 2),
(359, 7),
(360, 6),
(361, 5),
(362, 3),
(363, 2),
(364, 4),
(364, 7),
(365, 3),
(366, 2),
(367, 7),
(368, 6),
(369, 1),
(370, 3),
(372, 4),
(373, 3),
(374, 1),
(375, 7),
(376, 6),
(377, 1),
(378, 3),
(379, 2),
(380, 4),
(381, 3),
(381, 7),
(382, 1),
(383, 7),
(384, 7),
(385, 1),
(386, 7),
(387, 7),
(388, 4),
(389, 3),
(390, 5),
(391, 7),
(392, 6),
(393, 1),
(394, 4),
(395, 2),
(396, 1),
(397, 1),
(398, 5),
(399, 1),
(400, 1),
(401, 1),
(402, 1),
(403, 1),
(404, 5),
(405, 1),
(406, 1),
(407, 1),
(408, 2),
(409, 2),
(410, 2),
(411, 2),
(412, 2),
(413, 2),
(414, 5),
(415, 2),
(416, 2),
(417, 2),
(418, 2),
(419, 2),
(420, 2),
(421, 5),
(422, 2),
(423, 2),
(424, 2),
(425, 2),
(426, 2),
(427, 2),
(428, 2),
(429, 2),
(430, 5),
(431, 3),
(432, 3),
(433, 3),
(434, 3),
(435, 3),
(436, 3),
(437, 3),
(438, 3),
(439, 3),
(440, 3),
(441, 3),
(442, 3),
(443, 3),
(444, 3),
(445, 3),
(446, 3),
(447, 3),
(448, 2),
(449, 2),
(450, 2),
(451, 5),
(452, 2),
(453, 2),
(454, 2),
(455, 2),
(456, 2),
(457, 2),
(458, 2),
(459, 2),
(460, 2),
(461, 2),
(462, 2),
(463, 2),
(464, 2),
(465, 2),
(466, 2),
(467, 2),
(468, 2),
(469, 2),
(470, 2),
(471, 2),
(472, 2),
(473, 2),
(474, 2),
(475, 2),
(476, 2),
(477, 2),
(478, 2),
(479, 2),
(480, 2),
(481, 2),
(482, 2),
(483, 2),
(484, 4),
(485, 4),
(486, 4),
(487, 4),
(488, 4),
(489, 4),
(490, 4),
(491, 4),
(492, 4),
(493, 4),
(494, 4),
(495, 4),
(496, 4),
(497, 4),
(498, 4),
(499, 4),
(500, 4),
(501, 4),
(502, 4),
(503, 4),
(504, 4),
(505, 4),
(506, 4),
(506, 7),
(507, 7),
(508, 6),
(509, 6),
(510, 6),
(511, 6),
(512, 6),
(513, 6),
(514, 6),
(515, 6),
(516, 6),
(517, 6),
(518, 6),
(519, 6),
(520, 6),
(521, 6),
(522, 6),
(523, 6),
(524, 6),
(525, 6),
(526, 6),
(527, 6),
(528, 6),
(529, 6),
(530, 7),
(531, 7),
(532, 7),
(533, 7),
(534, 7),
(535, 7),
(536, 7),
(537, 7),
(538, 7),
(539, 7),
(540, 7),
(541, 7),
(542, 7),
(543, 7),
(544, 7),
(545, 7),
(546, 7),
(547, 7),
(548, 7),
(549, 7),
(550, 7),
(551, 7),
(552, 7),
(553, 7),
(554, 7),
(555, 7),
(556, 7),
(557, 7),
(558, 7),
(559, 7),
(560, 7),
(561, 7),
(562, 7),
(563, 7),
(564, 7),
(565, 7),
(566, 7),
(567, 7),
(568, 7),
(569, 7),
(570, 3),
(571, 3),
(572, 3),
(573, 3),
(574, 3),
(575, 3),
(576, 3),
(577, 3),
(578, 4),
(578, 7),
(579, 3),
(580, 3),
(581, 3),
(582, 3),
(583, 3),
(584, 3),
(585, 3),
(586, 3),
(587, 3),
(588, 3),
(589, 3),
(590, 3),
(591, 3),
(592, 7),
(593, 7),
(594, 7),
(595, 7),
(596, 3),
(597, 3),
(598, 3),
(599, 3),
(600, 3),
(601, 4),
(602, 4),
(603, 4),
(604, 4),
(605, 4),
(606, 4),
(607, 4),
(607, 7),
(608, 4),
(608, 7),
(609, 4),
(610, 4),
(611, 2),
(612, 2),
(613, 2),
(614, 2),
(615, 2),
(616, 2),
(617, 2),
(618, 2),
(619, 2),
(620, 2),
(621, 3),
(622, 3),
(623, 3),
(624, 3),
(624, 7),
(625, 3),
(626, 3),
(627, 7),
(628, 7),
(629, 1),
(630, 1),
(631, 1),
(632, 1),
(633, 1),
(633, 5),
(634, 1),
(635, 1),
(635, 5),
(636, 1),
(637, 1),
(638, 1),
(639, 2),
(639, 5),
(640, 2),
(641, 2),
(642, 2),
(643, 2),
(643, 5),
(644, 2),
(645, 2),
(646, 2),
(647, 2),
(647, 5),
(648, 2),
(649, 2),
(650, 2),
(651, 2),
(652, 2);

-- --------------------------------------------------------

--
-- Table structure for table `retailer`
--

CREATE TABLE `retailer` (
  `RetailerID` int(11) NOT NULL,
  `RetailerName` varchar(100) NOT NULL,
  `Country` varchar(50) DEFAULT NULL,
  `City` varchar(50) DEFAULT NULL,
  `Street` varchar(100) DEFAULT NULL,
  `RetailerURL` varchar(255) DEFAULT NULL
) ENGINE=InnoDB DEFAULT CHARSET=utf8mb4 COLLATE=utf8mb4_unicode_ci;

--
-- Dumping data for table `retailer`
--

INSERT INTO `retailer` (`RetailerID`, `RetailerName`, `Country`, `City`, `Street`, `RetailerURL`) VALUES
(1, 'Appliance City SA', 'South Africa', 'Pretoria', '15 Main Street', 'https://appliancecity.co.za'),
(2, 'KettlePro', 'South Africa', 'Cape Town', '12 Boil Boulevard', 'https://kettlepro.co.za'),
(3, 'Jozi Appliances', 'South Africa', 'Johannesburg', '100 Market Road', 'https://joziappliances.co.za'),
(4, 'CoolWave Refrigeration', 'South Africa', 'Durban', '88 Icebox Avenue', 'https://coolwave.co.za'),
(5, 'SteamHouse SA', 'South Africa', 'Pretoria', '31 Press Street', 'https://steamhouse.co.za'),
(6, 'Braaify Cookware', 'South Africa', 'Bloemfontein', '24 Grill Road', 'https://braaify.co.za'),
(7, 'MobiAppliances', 'South Africa', 'Port Elizabeth', '19 HomeTech Drive', 'https://mobiappliances.co.za'),
(8, 'CapeCoolers', 'South Africa', 'Cape Town', '45 Chill Road', 'https://capecoolers.co.za'),
(9, 'PowerDry SA', 'South Africa', 'Durban', '73 Heat Lane', 'https://powerdry.co.za'),
(10, 'EcoWashers SA', 'South Africa', 'Johannesburg', '9 Soapstone Avenue', 'https://ecowashers.co.za'),
(11, 'CoolTech Refrigeration', 'USA', 'Chicago', '42 Freezer Lane', 'https://cooltechrefrigeration.com'),
(12, 'Kitchen King', 'Canada', 'Toronto', '88 Blender Blvd', 'https://kitchenking.ca'),
(13, 'SmartHome Depot', 'USA', 'San Francisco', '112 Gadget Way', 'https://smarthomedepot.com'),
(14, 'Air & Heat Solutions', 'Australia', 'Sydney', '15 Duct Avenue', 'https://airheat.au'),
(15, 'Ovenly Yours', 'UK', 'London', '72 Roast Street', 'https://ovenly.co.uk'),
(16, 'Appliance Arena', 'India', 'Mumbai', '9 Andheri Industrial Estate', 'https://appliancearena.in'),
(17, 'Toasty Tech', 'USA', 'Seattle', '37 Bagel Road', 'https://toastytech.com'),
(18, 'AquaClean Retailers', 'South Africa', 'Cape Town', '55 Freshwater Way', 'https://aquaclean.co.za'),
(19, 'FridgeMasters', 'USA', 'New York', '84 Iceberg Lane', 'https://fridgemasters.com'),
(20, 'HomeEssence Appliances', 'Germany', 'Berlin', '21 Kocherstraße', 'https://homeessence.de'),
(21, 'IronWorks Home', 'South Africa', 'Pretoria', '62 Steam Street', 'https://ironworks.co.za'),
(22, 'Vacuum Valley', 'South Africa', 'East London', '53 Suction Street', 'https://vacuumvalley.co.za'),
(23, 'Durban HeatTech', 'South Africa', 'Durban', '84 Boiler Road', 'https://heattech.co.za'),
(24, 'MiniChef SA', 'South Africa', 'Johannesburg', '11 Prep Lane', 'https://minichef.co.za'),
(25, 'KZN Appliances', 'South Africa', 'Pietermaritzburg', '6 Cooktop Circle', 'https://kznappliances.co.za'),
(26, 'BlenderBay', 'South Africa', 'Cape Town', '25 Smoothie Street', 'https://blenderbay.co.za'),
(27, 'HomeCoolers ZA', 'South Africa', 'Bloemfontein', '90 Chill Drive', 'https://homecoolers.co.za'),
(28, 'GeyserGuys', 'South Africa', 'Pretoria', '77 Steamworks Avenue', 'https://geyserguys.co.za'),
(29, 'Joburg Essentials', 'South Africa', 'Johannesburg', '18 Essential Street', 'https://joburgessentials.co.za'),
(30, 'SA Appliance Mart', 'South Africa', 'Cape Town', '55 Metro Drive', 'https://saappliancemart.co.za'),
(31, 'Microwave Magic', 'USA', 'Houston', '18 QuickHeat St', 'https://microwavemagic.com'),
(32, 'SpinCycle Machines', 'UK', 'Manchester', '44 Laundry Lane', 'https://spincycle.co.uk'),
(33, 'Heater Haven', 'Canada', 'Vancouver', '31 Warmth Road', 'https://heaterhaven.ca'),
(34, 'EcoCook Appliances', 'France', 'Lyon', '7 Rue de Cuisine', 'https://ecocook.fr'),
(35, 'FanFare Electronics', 'India', 'Delhi', '28 Cool Breeze Ave', 'https://fanfare.in'),
(36, 'DishDelight', 'USA', 'Boston', '62 Sparkle St', 'https://dishdelight.com'),
(37, 'BrewMasters Appliances', 'USA', 'Portland', '77 Coffee Corner', 'https://brewmasters.com'),
(38, 'SteamWorks', 'UK', 'Liverpool', '90 Iron Trail', 'https://steamworks.co.uk'),
(39, 'PureAir Systems', 'Australia', 'Melbourne', '16 Breeze Blvd', 'https://pureair.com.au'),
(40, 'Appliance Galaxy', 'USA', 'Denver', '101 Appliance Ave', 'https://appliancegalaxy.com'),
(41, 'Kitchen Genius', 'South Africa', 'Pretoria', '11 Genius Grove', 'https://kitchengenius.co.za'),
(42, 'Toasty Treats', 'South Africa', 'Durban', '47 Breakfast Row', 'https://toastytreats.co.za'),
(43, 'Gadgetized Home', 'South Africa', 'Johannesburg', '35 Smart Street', 'https://gadgetized.co.za'),
(44, 'AirClean Retailers', 'South Africa', 'Cape Town', '62 Purify Road', 'https://airclean.co.za'),
(45, 'UrbanHome Goods', 'South Africa', 'Port Elizabeth', '98 Appliance Trail', 'https://urbanhome.co.za'),
(46, 'AutoChef SA', 'South Africa', 'Bloemfontein', '66 CookEase Avenue', 'https://autochef.co.za'),
(47, 'FreshLiving ZA', 'South Africa', 'Pretoria', '43 Spring Street', 'https://freshliving.co.za'),
(48, 'HomeSavers', 'South Africa', 'Cape Town', '22 Saver Drive', 'https://homesavers.co.za'),
(49, 'SuperDry Appliances', 'South Africa', 'Durban', '33 HeatWave Lane', 'https://superdry.co.za'),
(50, 'ZenClean Retailers', 'South Africa', 'Johannesburg', '48 Calm Avenue', 'https://zenclean.co.za'),
(51, 'Eco Breeze Systems', 'Germany', 'Hamburg', '12 Kühlstraße', 'https://ecobreeze.de'),
(52, 'HumidifyHub', 'USA', 'Orlando', '81 Mist Street', 'https://humidifyhub.com'),
(53, 'SewSimple Appliances', 'USA', 'Columbus', '42 Thread Blvd', 'https://sewsimple.com'),
(54, 'Chef’s Friend', 'Canada', 'Montreal', '19 Culinary Road', 'https://chefsfriend.ca'),
(55, 'Precision Cookers', 'UK', 'Bristol', '46 Thermo Road', 'https://precisioncookers.co.uk'),
(56, 'RoboMaid Supplies', 'USA', 'Indianapolis', '53 Bot Path', 'https://robomaid.com'),
(57, 'Kettle & Co.', 'USA', 'Detroit', '29 Boil Lane', 'https://kettleco.com'),
(58, 'Quiet Cleaners', 'Australia', 'Perth', '17 Silent Ave', 'https://quietcleaners.com.au'),
(59, 'SA Iron Centre', 'South Africa', 'Bloemfontein', '17 Smooth Street', 'https://saironcentre.co.za'),
(60, 'EcoSteam Retailers', 'South Africa', 'Pretoria', '22 Vapour Crescent', 'https://ecosteam.co.za'),
(61, 'HotHome Hub', 'South Africa', 'Johannesburg', '81 Flame Road', 'https://hothomehub.co.za'),
(62, 'Chillax Appliances', 'South Africa', 'Cape Town', '12 Iceberg Ave', 'https://chillax.co.za'),
(63, 'Sizzler Supplies', 'South Africa', 'Port Elizabeth', '39 Bake Street', 'https://sizzlersa.co.za'),
(64, 'CapeElectric', 'South Africa', 'Cape Town', '54 Volt Street', 'https://capeelectric.co.za'),
(65, 'Appliance Express ZA', 'South Africa', 'Durban', '77 Fast Lane', 'https://applianceexpress.co.za'),
(66, 'SmartClean Solutions', 'South Africa', 'Pretoria', '31 Mop Street', 'https://smartclean.co.za'),
(67, 'DailyHome Essentials', 'South Africa', 'Johannesburg', '108 Homeway Blvd', 'https://dailyhome.co.za'),
(68, 'EliteHome Tech', 'South Africa', 'Cape Town', '23 Comfort Crescent', 'https://elitehome.co.za'),
(69, 'Grind & Brew', 'Canada', 'Ottawa', '10 Espresso Way', 'https://grindandbrew.ca'),
(70, 'SteamLine Home', 'UK', 'Leeds', '22 Steamworks Alley', 'https://steamline.co.uk'),
(71, 'QuickFix Appliances', 'India', 'Hyderabad', '50 Repair Road', 'https://quickfix.in'),
(72, 'Urban Appliance Co.', 'USA', 'Austin', '74 Metro Street', 'https://urbanappliance.com'),
(73, 'Blender Barn', 'USA', 'Las Vegas', '93 Smoothie Blvd', 'https://blenderbarn.com'),
(74, 'Sharp Edge Retailers', 'USA', 'San Jose', '39 Kitchen Knife Ave', 'https://sharpedge.com'),
(75, 'Gadget Grove', 'Ireland', 'Dublin', '14 Appliance Field', 'https://gadgetgrove.ie'),
(76, 'Sleep & Steam', 'UK', 'Glasgow', '60 Relax Row', 'https://sleepsteam.co.uk'),
(77, 'PowerUp Homeware', 'USA', 'Charlotte', '20 Electric Ave', 'https://poweruphome.com'),
(78, 'SmudgeFree Retailers', 'Australia', 'Brisbane', '31 Shine Lane', 'https://smudgefree.com.au'),
(79, 'The Iron House', 'South Africa', 'Johannesburg', '66 Wrinkle Way', 'https://ironhouse.co.za'),
(80, 'Range Right', 'USA', 'Los Angeles', '200 Cooktop Circle', 'https://rangeright.com'),
(81, 'Fresh & Cool', 'USA', 'Miami', '33 Chill Zone', 'https://freshcool.com'),
(82, 'Trimmer Tech', 'India', 'Bangalore', '27 Groom Street', 'https://trimmertech.in'),
(83, 'Clean Sweep Co.', 'USA', 'Phoenix', '71 Vacuum Valley', 'https://cleansweep.com'),
(84, 'Cool Comfort Co.', 'UK', 'Birmingham', '58 Breeze Park', 'https://coolcomfort.co.uk'),
(85, 'HeatWave Electronics', 'USA', 'Dallas', '45 Cozy Court', 'https://heatwave.com'),
(86, 'Spark Appliance Hub', 'USA', 'Atlanta', '23 Volt View', 'https://sparkhub.com'),
(87, 'WhirlPro Appliances', 'Germany', 'Munich', '38 Schleuderstraße', 'https://whirlpro.de'),
(88, 'DryMaster Solutions', 'USA', 'San Diego', '61 DryCycle Rd', 'https://drymaster.com'),
(89, 'CookSmart SA', 'South Africa', 'Port Elizabeth', '101 Roast Road', 'https://cooksmartsa.co.za'),
(90, 'BreezeHome', 'South Africa', 'Johannesburg', '71 Airflow Blvd', 'https://breezehome.co.za'),
(91, 'Elite Electronics ZA', 'South Africa', 'Cape Town', '44 Volt Lane', 'https://eliteelectronics.co.za'),
(92, 'Steam & Shine', 'South Africa', 'Durban', '33 Sparkle Way', 'https://steamshine.co.za'),
(93, 'PlugIn Home', 'South Africa', 'Pretoria', '59 Circuit Avenue', 'https://pluginhome.co.za'),
(94, 'PowerMate SA', 'South Africa', 'Port Elizabeth', '82 Appliance Road', 'https://powermate.co.za'),
(95, 'Appliance Experts', 'South Africa', 'Johannesburg', '26 Main Switch Lane', 'https://applianceexperts.co.za'),
(96, 'Cozy Comfort ZA', 'South Africa', 'Cape Town', '99 Warmth Boulevard', 'https://cozycomfort.co.za'),
(97, 'KitchenNook SA', 'South Africa', 'East London', '14 Breakfast Lane', 'https://kitchennook.co.za'),
(98, 'WashWise ZA', 'South Africa', 'Durban', '36 Tide Avenue', 'https://washwise.co.za'),
(99, 'Global Appliances Co.', 'USA', 'New York', '101 Liberty Street', 'https://globalappliances.com'),
(100, 'HomeTech Africa', 'South Africa', 'Johannesburg', '77 Soweto Road', 'https://hometechafrica.co.za'),
(101, 'Kitchenaid SA', 'South Africa', 'Cape Town', '88 Mix Lane', 'https://kitchenaidsa.co.za'),
(102, 'Appliance Direct', 'Canada', 'Toronto', '12 Maple Avenue', 'https://appliancedirect.ca'),
(103, 'CoolHeat Home', 'South Africa', 'Durban', '19 Breeze Boulevard', 'https://coolheathome.co.za'),
(104, 'PowerCook Appliances', 'UK', 'London', '7 Kensington Street', 'https://powercook.co.uk'),
(105, 'Urban Heat Co.', 'South Africa', 'Pretoria', '65 Warmstone Road', 'https://urbanheat.co.za'),
(106, 'HomeZilla', 'India', 'Mumbai', '45 Laxmi Road', 'https://homezilla.in'),
(107, 'Braaitek', 'South Africa', 'Bloemfontein', '33 Grill Street', 'https://braaitek.co.za'),
(108, 'EcoLiving Hub', 'Australia', 'Sydney', '99 Harbour Road', 'https://ecolivinghub.au'),
(109, 'SteamWorks International', 'Germany', 'Berlin', '66 Dampfgasse', 'https://steamworks.de'),
(110, 'HeatMate SA', 'South Africa', 'Port Elizabeth', '73 Cozy Corner', 'https://heatmate.co.za'),
(111, 'SmartKettle', 'South Africa', 'Cape Town', '21 Steamer Street', 'https://smartkettle.co.za'),
(112, 'FreshHome India', 'India', 'Bangalore', '10 Jayanagar Avenue', 'https://freshhome.in'),
(113, 'Ultra Appliances', 'USA', 'Los Angeles', '17 Sunset Boulevard', 'https://ultraappliances.com'),
(114, 'VacuumCo', 'South Africa', 'East London', '14 Suction Road', 'https://vacuumco.co.za'),
(115, 'ElectricEase', 'UK', 'Manchester', '22 Electra Street', 'https://electricease.co.uk'),
(116, 'Cape Appliance Outlet', 'South Africa', 'Cape Town', '53 Table Road', 'https://capeoutlet.co.za'),
(117, 'Mega Appliances', 'Australia', 'Melbourne', '39 Koala Crescent', 'https://megaappliances.au'),
(118, 'Essentia Home', 'South Africa', 'Pretoria', '28 Appliance Avenue', 'https://essentiahome.co.za'),
(119, 'AirFlow Masters', 'South Africa', 'Johannesburg', '101 Fresh Air Lane', 'https://airflowmasters.co.za'),
(120, 'Precision Cook', 'Germany', 'Hamburg', '84 Technikstraße', 'https://precisioncook.de'),
(121, 'Chefs Corner ZA', 'South Africa', 'Durban', '19 Bakehouse Blvd', 'https://chefscorner.co.za'),
(122, 'TrendyToaster', 'USA', 'Chicago', '26 Toast Street', 'https://trendytoaster.com'),
(123, 'JoziHeat', 'South Africa', 'Johannesburg', '35 Heatwave Avenue', 'https://joziheat.co.za'),
(124, 'Blender Nation', 'Canada', 'Vancouver', '62 Spin Street', 'https://blendernation.ca'),
(125, 'HomeEssence SA', 'South Africa', 'Cape Town', '17 Whisper Road', 'https://homeessence.co.za'),
(126, 'ProHome India', 'India', 'Delhi', '56 Comfort Lane', 'https://prohome.in'),
(127, 'ElectricZen', 'UK', 'Bristol', '13 Calm Street', 'https://electriczen.co.uk'),
(128, 'KitchenPro Africa', 'South Africa', 'Port Elizabeth', '45 Roast Lane', 'https://kitchenpro.co.za'),
(129, 'EcoTech Home', 'Australia', 'Brisbane', '89 Solar Street', 'https://ecotechhome.au'),
(130, 'SA Appliance Network', 'South Africa', 'Johannesburg', '22 Grid Road', 'https://saan.co.za'),
(131, 'Gadget Home World', 'Germany', 'Munich', '74 Küchengeräte Straße', 'https://gadgethome.de'),
(132, 'Toasty ZA', 'South Africa', 'Bloemfontein', '18 Bread Street', 'https://toastyza.co.za'),
(133, 'Appliance Arena', 'USA', 'Dallas', '44 Main Appliance Way', 'https://appliancearena.com'),
(134, 'Coastal Coolers', 'South Africa', 'Durban', '55 Ocean View', 'https://coastalcoolers.co.za'),
(135, 'Hearth & Home', 'UK', 'Liverpool', '12 Cozy Drive', 'https://hearthandhome.co.uk'),
(136, 'Sizzle Zone', 'South Africa', 'Cape Town', '38 Braai Lane', 'https://sizzlezone.co.za'),
(137, 'GeyserXpress', 'South Africa', 'Pretoria', '29 Heat Street', 'https://geyserxpress.co.za'),
(138, 'HomeFleet India', 'India', 'Hyderabad', '41 Indira Road', 'https://homefleet.in'),
(139, 'SmartLiving SA', 'South Africa', 'Johannesburg', '20 Fusion Avenue', 'https://smartliving.co.za'),
(140, 'CookTop Elite', 'Canada', 'Ottawa', '31 Sizzle Road', 'https://cooktopelite.ca'),
(141, 'AirTech Appliances', 'Germany', 'Frankfurt', '11 Luftstraße', 'https://airtech.de'),
(142, 'ComfyHome Africa', 'South Africa', 'Durban', '66 Peace Drive', 'https://comfyhome.co.za'),
(143, 'UltraDry SA', 'South Africa', 'Cape Town', '101 Tumble Drive', 'https://ultradry.co.za'),
(144, 'HeatWise UK', 'UK', 'Birmingham', '99 Thermo Lane', 'https://heatwise.co.uk'),
(145, 'MixerMax SA', 'South Africa', 'Johannesburg', '75 Blend Street', 'https://mixermax.co.za'),
(146, 'SharpTech India', 'India', 'Chennai', '43 Cutter Road', 'https://sharptech.in'),
(147, 'HomeFix Appliances', 'Australia', 'Perth', '12 Repair Road', 'https://homefix.au'),
(148, 'FreshBreeze SA', 'South Africa', 'Pretoria', '8 Filter Avenue', 'https://freshbreeze.co.za');

-- --------------------------------------------------------

--
-- Table structure for table `review`
--

CREATE TABLE `review` (
  `ReviewID` int(11) NOT NULL,
  `ProductID` int(11) NOT NULL,
  `UserID` int(11) DEFAULT NULL,
  `Date` date NOT NULL,
  `Rating` int(11) DEFAULT NULL CHECK (`Rating` between 1 and 5),
  `Comment` text DEFAULT NULL
) ENGINE=InnoDB DEFAULT CHARSET=utf8mb4 COLLATE=utf8mb4_unicode_ci;

--
-- Dumping data for table `review`
--

INSERT INTO `review` (`ReviewID`, `ProductID`, `UserID`, `Date`, `Rating`, `Comment`) VALUES
(1, 421, 87, '2025-01-03', 5, 'Absolutely love this product! It exceeded my expectations in every way possible.'),
(2, 512, 42, '2025-01-07', 4, 'Great quality and fast delivery. Would buy again.'),
(3, 398, 156, '2025-01-12', 3, 'Decent product but not exactly what I was expecting. It works fine though.'),
(4, 587, 23, '2025-05-26', 4, 'Good product. Almost flawless.'),
(5, 447, 119, '2025-01-18', 2, 'Disappointed with the durability. Started falling apart after just two weeks.'),
(6, 504, 73, '2025-01-22', 4, 'Very satisfied with this purchase. Good build quality and works as advertised.'),
(7, 631, 192, '2025-01-25', 5, 'Incredible product! Solved all my problems and now I can\'t live without it.'),
(8, 489, 14, '2025-01-29', 3, 'It\'s okay. Nothing special but gets the job done.'),
(9, 572, 167, '2025-02-01', 1, 'Complete waste of money. Doesn\'t work properly and customer service was unhelpful.'),
(10, 403, 88, '2025-02-03', 4, 'Really happy with this product. Easy to use and works great.'),
(11, 524, 56, '2025-02-07', 5, 'Perfect in every way! I\'m recommending this to all my friends.'),
(12, 460, 129, '2025-02-10', 4, 'Great product overall. Minor issues but nothing deal-breaking.'),
(13, 591, 34, '2025-02-14', 2, 'Not what I expected. The description was misleading.'),
(14, 432, 173, '2025-02-17', 5, 'Exactly what I needed! Perfect fit and excellent quality.'),
(15, 547, 62, '2025-02-21', 3, 'Average quality but good value for the price.'),
(16, 615, 145, '2025-02-24', 4, 'Very good product. Would have given 5 stars but shipping was slow.'),
(17, 378, NULL, '2025-02-28', 5, 'So happy with this purchase! It works perfectly and looks great.'),
(18, 563, 109, '2025-03-03', 4, 'Well-made product that performs as expected. No complaints.'),
(19, 495, 187, '2025-03-06', 1, 'Terrible quality. Broke after just a few uses.'),
(20, 417, 53, '2025-03-10', 5, 'Absolutely fantastic! Best version of this product I\'ve ever used.'),
(21, 539, 134, '2025-03-14', 4, 'Very satisfied with the performance. Good investment.'),
(22, 472, NULL, '2025-03-17', 3, 'It\'s good but not great. Expected more features for the price.'),
(23, 602, 162, '2025-03-20', 5, 'Outstanding quality and performance. Worth every penny!'),
(24, 385, 47, '2025-03-24', 2, 'Underwhelming experience. Wouldn\'t buy again.'),
(25, 553, 123, '2025-03-27', 4, 'Solid product that does everything it claims. Very happy with it.'),
(26, 610, 82, '2025-03-31', 5, 'Amazing product! Completely changed my daily routine for the better.'),
(27, 425, 176, '2025-04-03', 3, 'Decent quality but the design could be improved.'),
(28, 583, 39, '2025-04-07', 4, 'Really good product. Easy to use and effective.'),
(29, 498, 151, '2025-04-10', 5, 'Perfect solution to my problem! So glad I found this.'),
(30, 440, 28, '2025-04-14', 2, 'Not worth the money. Many better alternatives available.'),
(31, 576, 112, '2025-04-17', 5, 'Excellent product in every aspect. Highly recommend!'),
(32, 408, 195, '2025-04-21', 4, 'Very good quality and functionality. Minor design flaws.'),
(33, 542, 67, '2025-04-24', 3, 'Works as described but nothing extraordinary.'),
(34, 471, 143, '2025-04-28', 5, 'Top-notch quality! Exceeded all my expectations.'),
(35, 627, 19, '2025-05-01', 4, 'Great product with excellent features. Very happy with my purchase.'),
(36, 394, 184, '2025-05-05', 2, 'Disappointed with the build quality. Expected better for the price.'),
(37, 559, 58, '2025-05-08', 5, 'Absolutely perfect! Does exactly what I needed and more.'),
(38, 483, 137, '2025-05-12', 4, 'Very satisfied customer. Would definitely buy again.'),
(39, 643, NULL, '2025-05-15', 5, 'Best in its category! Amazing performance and quality.'),
(40, 412, 169, '2025-05-19', 3, 'Average performance. Not bad but not great either.'),
(41, 529, 45, '2025-05-22', 4, 'Really good product that lives up to the hype.'),
(42, 465, 128, '2025-05-26', 5, 'Exceptional quality and durability. Highly recommended!'),
(43, 594, 31, '2025-05-29', 1, 'Terrible experience. Product arrived damaged and didn\'t work properly.'),
(44, 437, 164, '2025-06-02', 4, 'Very pleased with this purchase. Well worth the money.'),
(45, 568, 76, '2025-06-05', 5, 'Perfect product that solved all my problems! Love it!'),
(46, 623, 147, '2025-06-09', 3, 'It\'s okay. Works fine but nothing special.'),
(47, 389, 25, '2025-06-12', 4, 'Great product with excellent features. Very happy with it.'),
(48, 556, 119, '2025-06-16', 5, 'Absolutely fantastic! Everything I hoped for and more.'),
(49, 478, 182, '2025-06-19', 2, 'Not impressed. Several design flaws make it frustrating to use.'),
(50, 649, 52, '2025-06-23', 4, 'Very good quality and performance. Minor issues but nothing serious.'),
(51, 401, 136, '2025-06-26', 5, 'Excellent product that exceeds expectations in every way!'),
(52, 532, 9, '2025-06-30', 3, 'Average product. Works but doesn\'t impress.'),
(53, 469, 171, '2025-07-03', 4, 'Good quality and value. Would recommend to others.'),
(54, 598, 43, '2025-07-07', 5, 'Perfect solution to my needs! Couldn\'t be happier.'),
(55, 426, 158, '2025-07-10', 2, 'Disappointing performance. Not worth the price.'),
(56, 565, 37, '2025-07-14', 4, 'Very satisfied with this purchase. Works great!'),
(57, 491, 122, '2025-07-17', 5, 'Amazing product! Best I\'ve ever used in this category.'),
(58, 638, 81, '2025-07-21', 3, 'Decent quality but overpriced for what you get.'),
(59, 414, 175, '2025-07-24', 4, 'Very good product that meets all my needs.'),
(60, 548, 27, '2025-07-28', 5, 'Exceptional quality and performance. Worth every penny!'),
(61, 475, 113, '2025-07-31', NULL, 'Just got this and haven\'t had a chance to rate it yet, but it looks great!'),
(62, 607, 198, '2025-08-04', 4, 'Very pleased with this purchase. Good value for money.'),
(63, 382, 68, '2025-08-07', 3, 'It\'s okay but nothing special. Expected more.'),
(64, 520, 149, '2025-08-11', 5, 'Perfect in every way! Best purchase I\'ve made all year.'),
(65, 450, 15, '2025-08-14', 4, 'Great product with excellent performance. Minor design issues.'),
(66, 596, 189, '2025-08-18', 2, 'Not what I expected. The images were misleading.'),
(67, 429, 61, '2025-08-21', 5, 'Absolutely love this! Exactly what I was looking for.'),
(68, 571, 142, '2025-08-25', 4, 'Very good quality and design. Works perfectly.'),
(69, 503, 16, '2025-08-28', 5, 'Outstanding product that exceeded all my expectations!'),
(70, 646, 177, '2025-09-01', 3, 'Decent but overpriced. Works fine but nothing special.'),
(71, 405, 49, '2025-09-04', 4, 'Very satisfied with this purchase. Does exactly what I needed.'),
(72, 535, 132, '2025-09-08', 5, 'Perfect product! Absolutely no complaints whatsoever.'),
(73, 462, 6, '2025-09-11', 2, 'Disappointing quality. Not built to last.'),
(74, 588, 160, '2025-09-15', 4, 'Very good product that works as advertised.'),
(75, 419, 35, '2025-09-18', 5, 'Amazing quality and performance! Highly recommend.'),
(76, 551, 126, '2025-09-22', 3, 'Average product. Nothing special but gets the job done.'),
(77, 486, 85, '2025-09-25', 4, 'Well-made product with good features. Happy with my purchase.'),
(78, 635, 172, '2025-09-29', 5, 'Exceptional quality and performance. Best in its class!'),
(79, 391, 41, '2025-10-02', 2, 'Not worth the price. Many better alternatives available.'),
(80, 526, 153, '2025-10-06', 4, 'Very good product. Would buy again without hesitation.'),
(81, 457, 24, '2025-10-09', 5, 'Perfect solution to my needs! Extremely satisfied.'),
(82, 603, 139, '2025-10-13', 3, 'It\'s okay. Works but didn\'t wow me.'),
(83, 435, 83, '2025-10-16', 4, 'Great product with good design and performance.'),
(84, 577, 168, '2025-10-20', 5, 'Amazing quality! Exceeded all my expectations.'),
(85, 509, 36, '2025-10-23', 1, 'Complete disappointment. Broke within days of purchase.'),
(86, 644, 120, '2025-10-27', 4, 'Very satisfied with this product. Works exactly as described.'),
(87, 397, 191, '2025-10-30', 5, 'Exceptional product in every way! Couldn\'t be happier.'),
(88, 540, 63, '2025-11-03', 3, 'Average performance. Nothing special but not bad either.'),
(89, 466, 155, '2025-11-06', 4, 'Good quality product that performs well.'),
(90, 597, 29, '2025-11-10', 5, 'Perfect! Best version of this product on the market.'),
(91, 423, 116, '2025-11-13', 2, 'Not impressed. Several design flaws make it frustrating to use.'),
(92, 561, 197, '2025-11-17', 4, 'Very good product that meets all my needs.'),
(93, 492, 72, '2025-11-20', 5, 'Absolutely love this! Best purchase I\'ve made in ages.'),
(94, 637, 144, '2025-11-24', NULL, 'Just received this product, will update my rating after using it more.'),
(95, 411, 18, '2025-11-27', 4, 'Great product with excellent performance. Minor issues only.'),
(96, 546, 181, '2025-12-01', 3, 'Decent product but overpriced for what you get.'),
(97, 474, 54, '2025-12-04', 5, 'Exceptional quality and performance! Highly recommend.'),
(98, 612, 135, '2025-12-08', 4, 'Very satisfied with this purchase. Good value for money.'),
(99, 386, 93, '2025-12-11', 2, 'Disappointing quality. Not built to last.'),
(100, 525, 166, '2025-12-15', 5, 'Perfect in every way! Best purchase I\'ve made all year.'),
(101, 451, 40, '2025-01-05', 4, 'Very good product. Lives up to the description and reviews.'),
(102, 595, 127, '2025-01-10', 5, 'Exceptional quality and performance. Best in its class!'),
(103, 430, 2, '2025-01-14', 3, 'It\'s okay. Nothing special but gets the job done.'),
(104, 566, 163, '2025-01-19', 4, 'Good quality product with nice features. Happy with my purchase.'),
(105, 497, 48, '2025-01-24', 5, 'Amazing product that exceeded all my expectations!'),
(106, 641, 117, '2025-01-29', 2, 'Not worth the price. Many better alternatives available.'),
(107, 404, 185, '2025-02-04', 4, 'Very satisfied with this purchase. Does exactly what I needed.'),
(108, 533, 59, '2025-02-09', 5, 'Perfect product! Absolutely no complaints whatsoever.'),
(109, 464, 140, '2025-02-15', 3, 'Average product. Nothing special but not bad either.'),
(110, 584, 13, '2025-02-20', 4, 'Great product with good design and performance.'),
(111, 418, 174, '2025-02-25', 5, 'Outstanding quality and value. Highly recommended!'),
(112, 552, 44, '2025-03-02', NULL, 'Just started using this product, too early to rate properly.'),
(113, 483, 131, '2025-03-07', 4, 'Very good product that works as advertised.'),
(114, 630, 91, '2025-03-12', 5, 'Exceptional product in every way! Couldn\'t be happier.'),
(115, 396, 159, '2025-03-18', 2, 'Disappointing performance. Not worth the price.'),
(116, 522, 32, '2025-03-23', 4, 'Good quality and value. Would recommend to others.'),
(117, 455, 121, '2025-03-28', 5, 'Amazing product! Best I\'ve ever used in this category.'),
(118, 599, 75, '2025-04-02', 3, 'Decent quality but overpriced for what you get.'),
(119, 433, 179, '2025-04-08', 4, 'Very pleased with this purchase. Good value for money.'),
(120, 575, 38, '2025-04-13', 5, 'Perfect in every way! Best purchase I\'ve made all year.'),
(121, 507, 124, '2025-04-18', 1, 'Terrible quality. Broke after just a few uses.'),
(122, 642, 80, '2025-04-23', 4, 'Great product with excellent features. Very happy with it.'),
(123, 399, 165, '2025-04-29', 5, 'Absolutely fantastic! Everything I hoped for and more.'),
(124, 537, 26, '2025-05-04', 3, 'It\'s okay. Works fine but nothing special.'),
(125, 467, 114, '2025-05-09', 4, 'Very good quality and performance. Minor issues but nothing serious.'),
(126, 605, 196, '2025-05-14', 5, 'Exceptional quality and durability. Highly recommended!'),
(127, 422, 64, '2025-05-20', 2, 'Not impressed. Several design flaws make it frustrating to use.'),
(128, 560, 146, '2025-05-25', 4, 'Very satisfied customer. Would definitely buy again.'),
(129, 490, 12, '2025-05-30', 5, 'Perfect solution to my problem! So glad I found this.'),
(130, 634, 183, '2025-06-04', 3, 'Average performance. Not bad but not great either.'),
(131, 407, 57, '2025-06-10', 4, 'Great product that lives up to the hype.'),
(132, 545, 138, '2025-06-15', 5, 'Excellent product in every aspect. Highly recommend!'),
(133, 477, NULL, '2025-06-20', 2, 'Disappointing quality. Expected better for the price.'),
(134, 609, 170, '2025-06-25', 4, 'Very good product. Would buy again without hesitation.'),
(135, 388, 46, '2025-06-30', NULL, 'Recently purchased, not enough time to rate properly.'),
(136, 530, 130, '2025-07-05', 5, 'Amazing quality and performance! Highly recommend.'),
(137, 461, 89, '2025-07-11', 3, 'Decent product but not exactly what I was expecting.'),
(138, 589, 152, '2025-07-16', 4, 'Good quality and fast delivery. Would buy again.'),
(139, 420, 22, '2025-07-21', 5, 'Best purchase I\'ve made this year! Fantastic quality and value.'),
(140, 554, 115, '2025-07-26', 2, 'Not what I expected. The description was misleading.'),
(141, 487, 186, '2025-07-31', 4, 'Very satisfied with this purchase. Works great!'),
(142, 632, 55, '2025-08-05', 5, 'Perfect in every way! I\'m recommending this to all my friends.'),
(143, 393, 141, '2025-08-10', NULL, 'Just arrived, looks promising but haven\'t tested thoroughly yet.'),
(144, 528, NULL, '2025-08-15', 4, 'Really good product. Easy to use and effective.'),
(145, 460, 188, '2025-08-20', 5, 'Excellent product that exceeds expectations in every way!'),
(146, 590, 69, '2025-08-25', 3, 'Average quality but good value for the price.'),
(147, 427, 150, '2025-08-30', 4, 'Good quality product that performs well.'),
(148, 567, 30, '2025-09-05', 5, 'Outstanding product that exceeded all my expectations!'),
(149, 499, 118, '2025-09-10', 2, 'Underwhelming experience. Wouldn\'t buy again.'),
(150, 640, 78, '2025-09-15', 4, 'Very good product that meets all my needs.'),
(151, 457, 43, '2025-02-18', 5, 'Absolutely perfect product! This is exactly what I was looking for - premium quality and excellent design.'),
(152, 572, 67, '2025-01-30', 1, 'Absolutely terrible. Stopped working after just two days and customer service was no help at all.'),
(153, 572, 154, '2025-03-21', 2, 'Poor quality and design. Many flaws that make it frustrating to use. Would not recommend.'),
(154, 547, 91, '2025-02-07', 3, 'Average product. Nothing special but it gets the job done. Expected a bit more for the price.'),
(155, 547, 144, '2025-05-13', 2, 'Below average performance. Several design issues make it less useful than it could be.'),
(156, 547, 73, '2025-07-28', 4, 'Better than expected! Has a few minor issues but overall a good value for money.'),
(157, 547, 190, '2025-09-09', 3, 'Decent product with both pros and cons. Works fairly well but could use some improvements.'),
(158, 457, 176, '2025-07-14', 4, 'Really solid product that delivers on its promises. Great value for the money.'),
(159, 457, 32, '2025-10-19', 5, 'Top-notch quality. Everything about this screams premium and attention to detail. Worth every penny!'),
(160, 572, 48, '2025-03-09', 1, 'This product is absolute garbage! The company must be run by idiots who don\'t give a darn about quality.'),
(161, 572, 112, '2025-04-22', 1, 'What a joke! I feel like a complete moron for wasting my money on this piece of junk. The manufacturer can go to hell.'),
(162, 447, 26, '2025-02-11', 1, 'This product is utter BS! Completely useless and breaks immediately. The company clearly doesn\'t give a rat\'s behind about customers.'),
(163, 594, 103, '2025-01-19', 1, 'Holy cr*p this is bad! Never been so ticked off about a purchase before. Complete waste that belongs in the trash.'),
(164, 594, 58, '2025-06-07', 2, 'Are you freaking kidding me? This thing is a joke and the company is full of it. Customer service told me to get lost!'),
(165, 440, 131, '2025-05-17', 2, 'What a load of baloney! Product fell apart and support told me to buzz off. Stay far away from this junk.'),
(166, 478, 196, '2025-10-13', 1, 'Bloody awful product! Absolute rubbish that doesn\'t work worth a damn. The company is run by a bunch of dimwits who don\'t care.'),
(167, 346, 200, '2025-05-24', 4, 'Great for cleaning.'),
(168, 524, 201, '2025-05-26', 3, 'It is okay.\n'),
(169, 378, 201, '2025-05-26', 2, 'Bad product.'),
(170, 432, 202, '2025-05-26', 4, 'Very good product.\nI would recommend to everyone'),
(171, 421, 202, '2025-05-27', 3, ''),
(172, 421, 87, '2025-01-03', 5, 'Absolutely love this product! It exceeded my expectations.'),
(173, 512, 42, '2025-01-07', 4, 'Great quality and fast delivery. Would buy again.'),
(174, 398, 156, '2025-01-12', 3, 'Decent product but not exactly what I was expecting.'),
(175, 587, 23, '2025-05-26', 4, 'Good product. Almost flawless.'),
(176, 447, 119, '2025-01-18', 2, 'Disappointed with the durability. Started falling apart.'),
(177, 504, 73, '2025-01-22', 4, 'Very satisfied with this purchase. Good build quality.'),
(178, 631, 192, '2025-01-25', 5, 'Incredible product! Solved all my problems and now I recommend it.'),
(179, 489, 14, '2025-01-29', 3, 'It\'s okay. Nothing special but gets the job done.'),
(180, 572, 167, '2025-02-01', 1, 'Complete waste of money. Doesn\'t work properly and feels cheap.'),
(181, 403, 88, '2025-02-03', 4, 'Really happy with this product. Easy to use and works well.'),
(182, 524, 56, '2025-02-07', 5, 'Perfect in every way! I\'m recommending this to all my friends.'),
(183, 460, 129, '2025-02-10', 4, 'Great product overall. Minor issues but nothing deal-breaking.'),
(184, 591, 34, '2025-02-14', 2, 'Not what I expected. The description was misleading.'),
(185, 432, 173, '2025-02-17', 5, 'Exactly what I needed! Perfect fit and excellent quality.'),
(186, 547, 62, '2025-02-21', 3, 'Average quality but good value for the price.'),
(187, 615, 145, '2025-02-24', 4, 'Very good product. Would have given 5 stars but shipping was slow.'),
(188, 378, NULL, '2025-02-28', 5, 'So happy with this purchase! It works perfectly and looks great.'),
(189, 563, 109, '2025-03-03', 4, 'Well-made product that performs as expected. No complaints.'),
(190, 495, 187, '2025-03-06', 1, 'Terrible quality. Broke after just a few uses.'),
(191, 417, 53, '2025-03-10', 5, 'Absolutely fantastic! Best version of this product I\'ve tried.'),
(192, 539, 134, '2025-03-14', 4, 'Very satisfied with the performance. Good investment.'),
(193, 472, NULL, '2025-03-17', 3, 'It\'s good but not great. Expected more features for the price.'),
(194, 602, 162, '2025-03-20', 5, 'Outstanding quality and performance. Worth every penny.'),
(195, 385, 47, '2025-03-24', 2, 'Underwhelming experience. Wouldn\'t buy again.'),
(196, 553, 123, '2025-03-27', 4, 'Solid product that does everything it claims. Very reliable.'),
(197, 576, 206, '2025-05-27', 4, 'nice product'),
(198, 401, 206, '2025-05-27', 4, 'nice\n');

-- --------------------------------------------------------

--
-- Table structure for table `reviewresponse`
--

CREATE TABLE `reviewresponse` (
  `ResponseID` int(11) NOT NULL,
  `ReviewID` int(11) NOT NULL,
  `Reply` text DEFAULT NULL,
  `Responder_Name` varchar(50) DEFAULT NULL
) ENGINE=InnoDB DEFAULT CHARSET=utf8mb4 COLLATE=utf8mb4_unicode_ci;

--
-- Dumping data for table `reviewresponse`
--

INSERT INTO `reviewresponse` (`ResponseID`, `ReviewID`, `Reply`, `Responder_Name`) VALUES
(1, 160, 'This product is absolute garbage! The company must be run by idiots who don\'t give a darn about quality.', 'wendykelly48'),
(2, 161, 'What a joke! I feel like a complete moron for wasting my money on this piece of junk. The manufacturer can go to hell.', 'logan_jump'),
(3, 162, 'Seriously? This is what passes for quality now? Product is crap and the company customer service treats customers like dirt.', 'z@ra26'),
(4, 163, 'Absolutely worthless! I\'ve seen better quality from a drunk toddler. Don\'t waste your money on this rubbish!', 'karen_rocks'),
(5, 164, 'This product is utter BS! Completely useless and breaks immediately. The company clearly doesn\'t give a rat\'s behind about customers.', 'lucy_gamer'),
(6, 165, 'What a load of baloney! Product fell apart and support told me to buzz off. Stay far away from this junk.', 'ryanPilot'),
(7, 166, ' Bloody awful product! Absolute rubbish that does not work worth a damn. The company is run by a bunch of dimwits who do not care.', 'grahamDev'),
(28, 81, 'Yes! That happened to me too.', 'dev_daniel'),
(29, 89, 'Couldn\'t agree more.', 'coolcat92'),
(30, 9, 'I agree with this completely.', 'sunnydays'),
(31, 16, 'Sounds familiar. Glad I\'m not the only one.', 'emily.codes'),
(32, 72, 'That’s what I thought too!', 'dev_daniel'),
(33, 47, 'Had the exact same issue.', 'aurora_r'),
(34, 90, 'Honestly, I didn\'t feel that way.', 'emily.codes'),
(35, 15, 'That’s what I thought too!', 'eco_fan'),
(36, 85, 'Yup, same story over here.', 'eco_fan'),
(37, 38, 'I was impressed, actually.', 'maxwell_d'),
(38, 27, 'Didn\'t expect someone else to say it—same here.', 'crafty_amy'),
(39, 64, 'Totally opposite for me, mine worked great.', 'aurora_r'),
(40, 41, 'Thanks for sharing. I was on the fence.', 'eco_fan'),
(41, 30, 'Sounds familiar. Glad I\'m not the only one.', 'jane_smith'),
(42, 58, 'Had the exact same issue.', 'crafty_amy'),
(43, 88, 'Interesting, mine was totally different.', 'budgetking'),
(44, 92, 'You make a good point.', 'crafty_amy'),
(45, 78, 'Same experience here!', 'techlover88'),
(46, 34, 'Had the exact same issue.', 'techlover88'),
(47, 62, 'I agree with this completely.', 'michael_t');

-- --------------------------------------------------------

--
-- Table structure for table `user`
--

CREATE TABLE `user` (
  `UserID` int(11) NOT NULL,
  `UserName` varchar(100) NOT NULL,
  `Email` varchar(100) NOT NULL,
  `Password` varchar(255) NOT NULL,
  `Salt` varchar(33) NOT NULL,
  `Apikey` varchar(33) NOT NULL
) ENGINE=InnoDB DEFAULT CHARSET=utf8mb4 COLLATE=utf8mb4_unicode_ci;

--
-- Dumping data for table `user`
--

INSERT INTO `user` (`UserID`, `UserName`, `Email`, `Password`, `Salt`, `Apikey`) VALUES
(1, 'alice23', 'alice.smith1@example.com', 'hashed_password_1', 's@lt_001', 'APIKEY-001'),
(2, 'bob_johnson', 'bob.johnson2@example.com', 'hashed_password_2', 's@lt_002', 'APIKEY-002'),
(3, 'ch@rlie', 'charlie.lee3@example.com', 'hashed_password_3', 's@lt_003', 'APIKEY-003'),
(4, 'dianaK', 'diana.king4@example.com', 'hashed_password_4', 's@lt_004', 'APIKEY-004'),
(5, 'ethan_b', 'ethan.brown5@example.com', 'hashed_password_5', 's@lt_005', 'APIKEY-005'),
(6, 'f1ona', 'fiona.davis6@example.com', 'hashed_password_6', 's@lt_006', 'APIKEY-006'),
(7, 'georgeC88', 'george.clark7@example.com', 'hashed_password_7', 's@lt_007', 'APIKEY-007'),
(8, 'han_lew', 'hannah.lewis8@example.com', 'hashed_password_8', 's@lt_008', 'APIKEY-008'),
(9, 'walker_ian', 'ian.walker9@example.com', 'hashed_password_9', 's@lt_009', 'APIKEY-009'),
(10, 'jules10', 'julia.young10@example.com', 'hashed_password_10', 's@lt_010', 'APIKEY-010'),
(11, 'khall11', 'kyle.hall11@example.com', 'hashed_password_11', 's@lt_011', 'APIKEY-011'),
(12, 'l.allen', 'laura.allen12@example.com', 'hashed_password_12', 's@lt_012', 'APIKEY-012'),
(13, 'mikescott13', 'mike.scott13@example.com', 'hashed_password_13', 's@lt_013', 'APIKEY-013'),
(14, 'n1na', 'nina.adams14@example.com', 'hashed_password_14', 's@lt_014', 'APIKEY-014'),
(15, 'oscarH', 'oscar.hill15@example.com', 'hashed_password_15', 's@lt_015', 'APIKEY-015'),
(16, 'paula_g', 'paula.green16@example.com', 'hashed_password_16', 's@lt_016', 'APIKEY-016'),
(17, 'quinnbaker17', 'quinn.baker17@example.com', 'hashed_password_17', 's@lt_017', 'APIKEY-017'),
(18, 'rachel.n18', 'rachel.nelson18@example.com', 'hashed_password_18', 's@lt_018', 'APIKEY-018'),
(19, 'stevec', 'steve.carter19@example.com', 'hashed_password_19', 's@lt_019', 'APIKEY-019'),
(20, 'mitchellT', 'tina.mitchell20@example.com', 'hashed_password_20', 's@lt_020', 'APIKEY-020'),
(21, 'umar21', 'umar.perez21@example.com', 'hashed_password_21', 's@lt_021', 'APIKEY-021'),
(22, 'v_roberts', 'vera.roberts22@example.com', 'hashed_password_22', 's@lt_022', 'APIKEY-022'),
(23, 'willT_23', 'will.turner23@example.com', 'hashed_password_23', 's@lt_023', 'APIKEY-023'),
(24, 'xenaP', 'xena.phillips24@example.com', 'hashed_password_24', 's@lt_024', 'APIKEY-024'),
(25, 'yusuf_25', 'yusuf.campbell25@example.com', 'hashed_password_25', 's@lt_025', 'APIKEY-025'),
(26, 'z@ra26', 'zara.parker26@example.com', 'hashed_password_26', 's@lt_026', 'APIKEY-026'),
(27, 'evans_a27', 'aaron.evans27@example.com', 'hashed_password_27', 's@lt_027', 'APIKEY-027'),
(28, 'bella.e', 'bella.edwards28@example.com', 'hashed_password_28', 's@lt_028', 'APIKEY-028'),
(29, 'caleb_morris', 'caleb.morris29@example.com', 'hashed_password_29', 's@lt_029', 'APIKEY-029'),
(30, 'danaR_30', 'dana.rogers30@example.com', 'hashed_password_30', 's@lt_030', 'APIKEY-030'),
(31, 'elif', 'eli.foster31@example.com', 'hashed_password_31', 's@lt_031', 'APIKEY-031'),
(32, 'faith_s', 'faith.simmons32@example.com', 'hashed_password_32', 's@lt_032', 'APIKEY-032'),
(33, 'gavin33', 'gavin.bennett33@example.com', 'hashed_password_33', 's@lt_033', 'APIKEY-033'),
(34, 'hailz34', 'hailey.richardson34@example.com', 'hashed_password_34', 's@lt_034', 'APIKEY-034'),
(35, 'isaac_35', 'isaac.cox35@example.com', 'hashed_password_35', 's@lt_035', 'APIKEY-035'),
(36, 'jazzyhoward', 'jasmine.howard36@example.com', 'hashed_password_36', 's@lt_036', 'APIKEY-036'),
(37, 'k.ward', 'kevin.ward37@example.com', 'hashed_password_37', 's@lt_037', 'APIKEY-037'),
(38, 'lily_M', 'lily.morgan38@example.com', 'hashed_password_38', 's@lt_038', 'APIKEY-038'),
(39, 'petersonM', 'mason.peterson39@example.com', 'hashed_password_39', 's@lt_039', 'APIKEY-039'),
(40, 'n.gray40', 'nora.gray40@example.com', 'hashed_password_40', 's@lt_040', 'APIKEY-040'),
(41, 'owenR', 'owen.ramirez41@example.com', 'hashed_password_41', 's@lt_041', 'APIKEY-041'),
(42, 'penny_42', 'penny.james42@example.com', 'hashed_password_42', 's@lt_042', 'APIKEY-042'),
(43, 'ray_d', 'ray.diaz43@example.com', 'hashed_password_43', 's@lt_043', 'APIKEY-043'),
(44, 's0phieH', 'sophie.hughes44@example.com', 'hashed_password_44', 's@lt_044', 'APIKEY-044'),
(45, 'tylerm', 'tyler.myers45@example.com', 'hashed_password_45', 's@lt_045', 'APIKEY-045'),
(46, 'umaW', 'uma.watson46@example.com', 'hashed_password_46', 's@lt_046', 'APIKEY-046'),
(47, 'vic_bry', 'victor.bryant47@example.com', 'hashed_password_47', 's@lt_047', 'APIKEY-047'),
(48, 'wendykelly48', 'wendy.kelly48@example.com', 'hashed_password_48', 's@lt_048', 'APIKEY-048'),
(49, 'xavi_sand', 'xavier.sanders49@example.com', 'hashed_password_49', 's@lt_049', 'APIKEY-049'),
(50, 'yarap', 'yara.price50@example.com', 'hashed_password_50', 's@lt_050', 'APIKEY-050'),
(51, 'tech_guru91', 'tech.guru91@example.com', 'hashed_password_51', 's@lt_051', 'APIKEY-051'),
(52, 'janeDoe88', 'jane.doe88@example.com', 'hashed_password_52', 's@lt_052', 'APIKEY-052'),
(53, 'm@rio_dev', 'mario.dev53@example.com', 'hashed_password_53', 's@lt_053', 'APIKEY-053'),
(54, 'emilyB_24', 'emily.bennett54@example.com', 'hashed_password_54', 's@lt_054', 'APIKEY-054'),
(55, 'nash_travels', 'nash.travels55@example.com', 'hashed_password_55', 's@lt_055', 'APIKEY-055'),
(56, 'kate123', 'kate.hughes56@example.com', 'hashed_password_56', 's@lt_056', 'APIKEY-056'),
(57, 'brianC_dev', 'brian.clark57@example.com', 'hashed_password_57', 's@lt_057', 'APIKEY-057'),
(58, 'lucy_gamer', 'lucy.martin58@example.com', 'hashed_password_58', 's@lt_058', 'APIKEY-058'),
(59, 'tim99', 'tim.morris59@example.com', 'hashed_password_59', 's@lt_059', 'APIKEY-059'),
(60, 'sarahXOXO', 'sarah.hall60@example.com', 'hashed_password_60', 's@lt_060', 'APIKEY-060'),
(61, 'devon_potter', 'devon.potter61@example.com', 'hashed_password_61', 's@lt_061', 'APIKEY-061'),
(62, 'mia_chan', 'mia.chan62@example.com', 'hashed_password_62', 's@lt_062', 'APIKEY-062'),
(63, 'josh_trek', 'josh.trek63@example.com', 'hashed_password_63', 's@lt_063', 'APIKEY-063'),
(64, 'lexi.star', 'lexi.star64@example.com', 'hashed_password_64', 's@lt_064', 'APIKEY-064'),
(65, 'aaronSky', 'aaron.sky65@example.com', 'hashed_password_65', 's@lt_065', 'APIKEY-065'),
(66, 'queenB90', 'queen.bee66@example.com', 'hashed_password_66', 's@lt_066', 'APIKEY-066'),
(67, 'xman007', 'xavier.men67@example.com', 'hashed_password_67', 's@lt_067', 'APIKEY-067'),
(68, 'tony_vibes', 'tony.vibes68@example.com', 'hashed_password_68', 's@lt_068', 'APIKEY-068'),
(69, 'felix_rocks', 'felix.rocks69@example.com', 'hashed_password_69', 's@lt_069', 'APIKEY-069'),
(70, 'carla_J', 'carla.johnson70@example.com', 'hashed_password_70', 's@lt_070', 'APIKEY-070'),
(71, 'owenAlpha', 'owen.alpha71@example.com', 'hashed_password_71', 's@lt_071', 'APIKEY-071'),
(72, 'brenda.c', 'brenda.chapman72@example.com', 'hashed_password_72', 's@lt_072', 'APIKEY-072'),
(73, 'zedZone', 'zed.zone73@example.com', 'hashed_password_73', 's@lt_073', 'APIKEY-073'),
(74, 'noah.ark', 'noah.ark74@example.com', 'hashed_password_74', 's@lt_074', 'APIKEY-074'),
(75, 'ivyLeaf', 'ivy.leaf75@example.com', 'hashed_password_75', 's@lt_075', 'APIKEY-075'),
(76, 'maximus_12', 'maximus.king76@example.com', 'hashed_password_76', 's@lt_076', 'APIKEY-076'),
(77, 'dani.p', 'dani.parker77@example.com', 'hashed_password_77', 's@lt_077', 'APIKEY-077'),
(78, 'claireBear', 'claire.bear78@example.com', 'hashed_password_78', 's@lt_078', 'APIKEY-078'),
(79, 'freddie_m', 'freddie.moore79@example.com', 'hashed_password_79', 's@lt_079', 'APIKEY-079'),
(80, 'harperT', 'harper.taylor80@example.com', 'hashed_password_80', 's@lt_080', 'APIKEY-080'),
(81, 'logan_flyer', 'logan.flyer81@example.com', 'hashed_password_81', 's@lt_081', 'APIKEY-081'),
(82, 'tina_travels', 'tina.travels82@example.com', 'hashed_password_82', 's@lt_082', 'APIKEY-082'),
(83, 'vinny22', 'vinny.james83@example.com', 'hashed_password_83', 's@lt_083', 'APIKEY-083'),
(84, 'wendy.wave', 'wendy.wave84@example.com', 'hashed_password_84', 's@lt_084', 'APIKEY-084'),
(85, 'yannisK', 'yannis.khan85@example.com', 'hashed_password_85', 's@lt_085', 'APIKEY-085'),
(86, 'zoeV_3', 'zoe.vaughn86@example.com', 'hashed_password_86', 's@lt_086', 'APIKEY-086'),
(87, 'reese007', 'reese.mills87@example.com', 'hashed_password_87', 's@lt_087', 'APIKEY-087'),
(88, 'ellie_cat', 'ellie.cat88@example.com', 'hashed_password_88', 's@lt_088', 'APIKEY-088'),
(89, 'justinZ', 'justin.zane89@example.com', 'hashed_password_89', 's@lt_089', 'APIKEY-089'),
(90, 'nadine_W', 'nadine.white90@example.com', 'hashed_password_90', 's@lt_090', 'APIKEY-090'),
(91, 'omar.dev', 'omar.dev91@example.com', 'hashed_password_91', 's@lt_091', 'APIKEY-091'),
(92, 'geekyJoe', 'geeky.joe92@example.com', 'hashed_password_92', 's@lt_092', 'APIKEY-092'),
(93, 'mel_mel', 'melanie.mel93@example.com', 'hashed_password_93', 's@lt_093', 'APIKEY-093'),
(94, 'bobby_D', 'bobby.douglas94@example.com', 'hashed_password_94', 's@lt_094', 'APIKEY-094'),
(95, 'tracy_xx', 'tracy.miller95@example.com', 'hashed_password_95', 's@lt_095', 'APIKEY-095'),
(96, 'andyC42', 'andy.cole96@example.com', 'hashed_password_96', 's@lt_096', 'APIKEY-096'),
(97, 'pixie_k', 'pixie.knight97@example.com', 'hashed_password_97', 's@lt_097', 'APIKEY-097'),
(98, 'leoLion', 'leo.lionel98@example.com', 'hashed_password_98', 's@lt_098', 'APIKEY-098'),
(99, 'crystalQ', 'crystal.quinn99@example.com', 'hashed_password_99', 's@lt_099', 'APIKEY-099'),
(100, 'rogerBlaze', 'roger.blaze100@example.com', 'hashed_password_100', 's@lt_100', 'APIKEY-100'),
(101, 'alexa_wave', 'alexa.wave101@example.com', 'hashed_password_101', 's@lt_101', 'APIKEY-101'),
(102, 'tommyX9', 'tommy.x9@example.com', 'hashed_password_102', 's@lt_102', 'APIKEY-102'),
(103, 'karen_rocks', 'karen.rocks103@example.com', 'hashed_password_103', 's@lt_103', 'APIKEY-103'),
(104, 'dave_4life', 'dave.four104@example.com', 'hashed_password_104', 's@lt_104', 'APIKEY-104'),
(105, 'mollyG22', 'molly.g22@example.com', 'hashed_password_105', 's@lt_105', 'APIKEY-105'),
(106, 'xena_dev', 'xena.dev106@example.com', 'hashed_password_106', 's@lt_106', 'APIKEY-106'),
(107, 'liam_zen', 'liam.zen107@example.com', 'hashed_password_107', 's@lt_107', 'APIKEY-107'),
(108, 'zara_xo', 'zara.xo108@example.com', 'hashed_password_108', 's@lt_108', 'APIKEY-108'),
(109, 'hunter007', 'hunter.007109@example.com', 'hashed_password_109', 's@lt_109', 'APIKEY-109'),
(110, 'feliciaMoon', 'felicia.moon110@example.com', 'hashed_password_110', 's@lt_110', 'APIKEY-110'),
(111, 'rachelV', 'rachel.v111@example.com', 'hashed_password_111', 's@lt_111', 'APIKEY-111'),
(112, 'logan_jump', 'logan.jump112@example.com', 'hashed_password_112', 's@lt_112', 'APIKEY-112'),
(113, 'theo_runs', 'theo.runs113@example.com', 'hashed_password_113', 's@lt_113', 'APIKEY-113'),
(114, 'cody_works', 'cody.works114@example.com', 'hashed_password_114', 's@lt_114', 'APIKEY-114'),
(115, 'hailey_qt', 'hailey.qt115@example.com', 'hashed_password_115', 's@lt_115', 'APIKEY-115'),
(116, 'nickBlitz', 'nick.blitz116@example.com', 'hashed_password_116', 's@lt_116', 'APIKEY-116'),
(117, 'mia_flyer', 'mia.flyer117@example.com', 'hashed_password_117', 's@lt_117', 'APIKEY-117'),
(118, 'oliverBae', 'oliver.bae118@example.com', 'hashed_password_118', 's@lt_118', 'APIKEY-118'),
(119, 'daisyBloom', 'daisy.bloom119@example.com', 'hashed_password_119', 's@lt_119', 'APIKEY-119'),
(120, 'trent_dev', 'trent.dev120@example.com', 'hashed_password_120', 's@lt_120', 'APIKEY-120'),
(121, 'abbyGlow', 'abby.glow121@example.com', 'hashed_password_121', 's@lt_121', 'APIKEY-121'),
(122, 'shawnTech', 'shawn.tech122@example.com', 'hashed_password_122', 's@lt_122', 'APIKEY-122'),
(123, 'carterVFX', 'carter.vfx123@example.com', 'hashed_password_123', 's@lt_123', 'APIKEY-123'),
(124, 'joyStorm', 'joy.storm124@example.com', 'hashed_password_124', 's@lt_124', 'APIKEY-124'),
(125, 'liya.coder', 'liya.coder125@example.com', 'hashed_password_125', 's@lt_125', 'APIKEY-125'),
(126, 'dex_sonic', 'dex.sonic126@example.com', 'hashed_password_126', 's@lt_126', 'APIKEY-126'),
(127, 'sandyOcean', 'sandy.ocean127@example.com', 'hashed_password_127', 's@lt_127', 'APIKEY-127'),
(128, 'nathan_G', 'nathan.g128@example.com', 'hashed_password_128', 's@lt_128', 'APIKEY-128'),
(129, 'zoe_jump', 'zoe.jump129@example.com', 'hashed_password_129', 's@lt_129', 'APIKEY-129'),
(130, 'hannah_q', 'hannah.q130@example.com', 'hashed_password_130', 's@lt_130', 'APIKEY-130'),
(131, 'ryanPilot', 'ryan.pilot131@example.com', 'hashed_password_131', 's@lt_131', 'APIKEY-131'),
(132, 'tinaXpress', 'tina.xpress132@example.com', 'hashed_password_132', 's@lt_132', 'APIKEY-132'),
(133, 'greg.dev22', 'greg.dev133@example.com', 'hashed_password_133', 's@lt_133', 'APIKEY-133'),
(134, 'bella_zen', 'bella.zen134@example.com', 'hashed_password_134', 's@lt_134', 'APIKEY-134'),
(135, 'riley_hype', 'riley.hype135@example.com', 'hashed_password_135', 's@lt_135', 'APIKEY-135'),
(136, 'quentinAI', 'quentin.ai136@example.com', 'hashed_password_136', 's@lt_136', 'APIKEY-136'),
(137, 'nora_max', 'nora.max137@example.com', 'hashed_password_137', 's@lt_137', 'APIKEY-137'),
(138, 'judeCoder', 'jude.coder138@example.com', 'hashed_password_138', 's@lt_138', 'APIKEY-138'),
(139, 'angeliqueR', 'angelique.r139@example.com', 'hashed_password_139', 's@lt_139', 'APIKEY-139'),
(140, 'matthewO', 'matthew.o140@example.com', 'hashed_password_140', 's@lt_140', 'APIKEY-140'),
(141, 'isaacD92', 'isaac.d141@example.com', 'hashed_password_141', 's@lt_141', 'APIKEY-141'),
(142, 'paulaXD', 'paula.xd142@example.com', 'hashed_password_142', 's@lt_142', 'APIKEY-142'),
(143, 'steve_wave', 'steve.wave143@example.com', 'hashed_password_143', 's@lt_143', 'APIKEY-143'),
(144, 'erin.craft', 'erin.craft144@example.com', 'hashed_password_144', 's@lt_144', 'APIKEY-144'),
(145, 'tyler_flex', 'tyler.flex145@example.com', 'hashed_password_145', 's@lt_145', 'APIKEY-145'),
(146, 'leahLuv', 'leah.luv146@example.com', 'hashed_password_146', 's@lt_146', 'APIKEY-146'),
(147, 'benji09', 'benji.147@example.com', 'hashed_password_147', 's@lt_147', 'APIKEY-147'),
(148, 'grace_art', 'grace.art148@example.com', 'hashed_password_148', 's@lt_148', 'APIKEY-148'),
(149, 'elijah_Q', 'elijah.q149@example.com', 'hashed_password_149', 's@lt_149', 'APIKEY-149'),
(150, 'sienna_dev', 'sienna.dev150@example.com', 'hashed_password_150', 's@lt_150', 'APIKEY-150'),
(151, 'nikoSky', 'niko.sky151@example.com', 'hashed_password_151', 's@lt_151', 'APIKEY-151'),
(152, 'ivyGold', 'ivy.gold152@example.com', 'hashed_password_152', 's@lt_152', 'APIKEY-152'),
(153, 'milesFly', 'miles.fly153@example.com', 'hashed_password_153', 's@lt_153', 'APIKEY-153'),
(154, 'serenaT', 'serena.t154@example.com', 'hashed_password_154', 's@lt_154', 'APIKEY-154'),
(155, 'zackStorm', 'zack.storm155@example.com', 'hashed_password_155', 's@lt_155', 'APIKEY-155'),
(156, 'harleyX', 'harley.x156@example.com', 'hashed_password_156', 's@lt_156', 'APIKEY-156'),
(157, 'noelleL', 'noelle.l157@example.com', 'hashed_password_157', 's@lt_157', 'APIKEY-157'),
(158, 'caleb_upt', 'caleb.upt158@example.com', 'hashed_password_158', 's@lt_158', 'APIKEY-158'),
(159, 'kylie_K', 'kylie.k159@example.com', 'hashed_password_159', 's@lt_159', 'APIKEY-159'),
(160, 'omarDash', 'omar.dash160@example.com', 'hashed_password_160', 's@lt_160', 'APIKEY-160'),
(161, 'finnWave', 'finn.wave161@example.com', 'hashed_password_161', 's@lt_161', 'APIKEY-161'),
(162, 'ivyBright', 'ivy.bright162@example.com', 'hashed_password_162', 's@lt_162', 'APIKEY-162'),
(163, 'leoQuest', 'leo.quest163@example.com', 'hashed_password_163', 's@lt_163', 'APIKEY-163'),
(164, 'dianaFlow', 'diana.flow164@example.com', 'hashed_password_164', 's@lt_164', 'APIKEY-164'),
(165, 'reece_J', 'reece.j165@example.com', 'hashed_password_165', 's@lt_165', 'APIKEY-165'),
(166, 'jasmine_L', 'jasmine.l166@example.com', 'hashed_password_166', 's@lt_166', 'APIKEY-166'),
(167, 'kevinSwift', 'kevin.swift167@example.com', 'hashed_password_167', 's@lt_167', 'APIKEY-167'),
(168, 'aubrey_XO', 'aubrey.xo168@example.com', 'hashed_password_168', 's@lt_168', 'APIKEY-168'),
(169, 'trentCoder', 'trent.coder169@example.com', 'hashed_password_169', 's@lt_169', 'APIKEY-169'),
(170, 'kayla_moon', 'kayla.moon170@example.com', 'hashed_password_170', 's@lt_170', 'APIKEY-170'),
(171, 'amir_cloud', 'amir.cloud171@example.com', 'hashed_password_171', 's@lt_171', 'APIKEY-171'),
(172, 'brookeDash', 'brooke.dash172@example.com', 'hashed_password_172', 's@lt_172', 'APIKEY-172'),
(173, 'dylanJ', 'dylan.j173@example.com', 'hashed_password_173', 's@lt_173', 'APIKEY-173'),
(174, 'emmyStar', 'emmy.star174@example.com', 'hashed_password_174', 's@lt_174', 'APIKEY-174'),
(175, 'xavier_R', 'xavier.r175@example.com', 'hashed_password_175', 's@lt_175', 'APIKEY-175'),
(176, 'karenCloud', 'karen.cloud176@example.com', 'hashed_password_176', 's@lt_176', 'APIKEY-176'),
(177, 'leoNova', 'leo.nova177@example.com', 'hashed_password_177', 's@lt_177', 'APIKEY-177'),
(178, 'stephanieQ', 'stephanie.q178@example.com', 'hashed_password_178', 's@lt_178', 'APIKEY-178'),
(179, 'marcusG', 'marcus.g179@example.com', 'hashed_password_179', 's@lt_179', 'APIKEY-179'),
(180, 'toriBell', 'tori.bell180@example.com', 'hashed_password_180', 's@lt_180', 'APIKEY-180'),
(181, 'jaredCode', 'jared.code181@example.com', 'hashed_password_181', 's@lt_181', 'APIKEY-181'),
(182, 'tasha_run', 'tasha.run182@example.com', 'hashed_password_182', 's@lt_182', 'APIKEY-182'),
(183, 'ninaVerse', 'nina.verse183@example.com', 'hashed_password_183', 's@lt_183', 'APIKEY-183'),
(184, 'liamC0de', 'liam.c0de184@example.com', 'hashed_password_184', 's@lt_184', 'APIKEY-184'),
(185, 'valentinaX', 'valentina.x185@example.com', 'hashed_password_185', 's@lt_185', 'APIKEY-185'),
(186, 'jacobJ99', 'jacob.j99@example.com', 'hashed_password_186', 's@lt_186', 'APIKEY-186'),
(187, 'ariaFly', 'aria.fly187@example.com', 'hashed_password_187', 's@lt_187', 'APIKEY-187'),
(188, 'ethanB_dev', 'ethan.dev188@example.com', 'hashed_password_188', 's@lt_188', 'APIKEY-188'),
(189, 'rubyShine', 'ruby.shine189@example.com', 'hashed_password_189', 's@lt_189', 'APIKEY-189'),
(190, 'coleNova', 'cole.nova190@example.com', 'hashed_password_190', 's@lt_190', 'APIKEY-190'),
(191, 'fayeHeart', 'faye.heart191@example.com', 'hashed_password_191', 's@lt_191', 'APIKEY-191'),
(192, 'owenXstream', 'owen.xstream192@example.com', 'hashed_password_192', 's@lt_192', 'APIKEY-192'),
(193, 'lyraMoon', 'lyra.moon193@example.com', 'hashed_password_193', 's@lt_193', 'APIKEY-193'),
(194, 'harryGlow', 'harry.glow194@example.com', 'hashed_password_194', 's@lt_194', 'APIKEY-194'),
(195, 'natalieCode', 'natalie.code195@example.com', 'hashed_password_195', 's@lt_195', 'APIKEY-195'),
(196, 'grahamDev', 'graham.dev196@example.com', 'hashed_password_196', 's@lt_196', 'APIKEY-196'),
(197, 'ellie_xo', 'ellie.xo197@example.com', 'hashed_password_197', 's@lt_197', 'APIKEY-197'),
(198, 'jamieZoom', 'jamie.zoom198@example.com', 'hashed_password_198', 's@lt_198', 'APIKEY-198'),
(199, 'violet_C', 'violet.c199@example.com', 'hashed_password_199', 's@lt_199', 'APIKEY-199'),
(200, 'viktorSky', 'viktor.sky200@example.com', 'hashed_password_200', 's@lt_200', 'APIKEY-200'),
(201, 'TestUser', 'test@user.com', '81ba9bd5aa83048c196a37a218323de145f37398dec134273f2d235995e9975e3283b3276e8c6ccb7139b910ab537bf2cecb8f0146195d62da116e5fe1b1c7bf', 's@lt_201', 'APIKEY-201'),
(202, 'Tester1', 'tester12345@tuks.co.za', '42edc73eeb29378586035726f6896dcd0bc91dadfccd9481e03ae8edd040e3eb2cb9c9307961afdb7160c5775ef260bba29cd7cf1c3844b03deab7a86ebfe150', 's@lt_202', 'APIKEY-202'),
(203, 'tester', 'tester@gmail.com', '85c095eef997c82ec15371cbe39effd423919dc725f870f9de99c48a132aa11d424b2c3ef36573d4493f1b712add96bd810badd243ef51b8f7effd8e551aabf9', '1df4856907f22a5c50eb576fb79e2c23', '1a0e087e87e3ab044c32f8993ea3f90f'),
(204, 'abdlrhmanhabish03', 'abdoboss2003@gmail.com', 'e972d7c5d96d5ae830d89d8962607ece79a8cad17aaa4730994d4f9245e54ee5a88561d3f729c4b7f75cfd4020a0f29f46c1655f59c2c438f3d54f9758633e93', '711f2b397ae19a87d292f6ed26ee2269', '583c3a7fdedad3a66a7036193af7b417'),
(205, 'haisoob07', 'haisoob07@gmail.com', 'f790850fc8967802dd646506c04068caa693a54e95904b790767df41ad294389219fa95d69b638277b0935367acb831028016d616fbd028945db37ad313473dc', 'd02e014f440dcf93024cf527bdfc5558', '920c57f40824b45bbda99e64f3c9bda7'),
(206, 'customer1', 'customer1@gmail.com', '4e6971fb44a5820643575738d370bf905162d40d8f47d710c39be65425abc3e99db3577a038fcda776928403828765f312542a6a9a126b054553055ba56dd400', '9902736ee6ff474091b7f747adc067ba', '5e9ec78640b5511e04f37eb4b6a2ae50'),
(207, 'admin1', 'admin1@gmail.com', 'd47d04261e918c816f2879d8beb619816f882c6cc437baa3361572f85f9158465462ada3d51cc91b073b5c6d5f5e8f5129b592a1831e0f396c99e97fe5f85077', '6974ca4bb778d7be7ae2a07304f1c685', '325793eb78b82d365209b18104569019');

--
-- Indexes for dumped tables
--

--
-- Indexes for table `admin`
--
ALTER TABLE `admin`
  ADD PRIMARY KEY (`UserID`);

--
-- Indexes for table `category`
--
ALTER TABLE `category`
  ADD PRIMARY KEY (`CategoryID`),
  ADD UNIQUE KEY `CategoryName` (`CategoryName`);

--
-- Indexes for table `customer`
--
ALTER TABLE `customer`
  ADD PRIMARY KEY (`UserID`);

--
-- Indexes for table `listing`
--
ALTER TABLE `listing`
  ADD PRIMARY KEY (`ListingID`),
  ADD KEY `ProductID` (`ProductID`),
  ADD KEY `RetailerID` (`RetailerID`),
  ADD KEY `idx_productid` (`ProductID`);

--
-- Indexes for table `product`
--
ALTER TABLE `product`
  ADD PRIMARY KEY (`ProductID`);

--
-- Indexes for table `productcategory`
--
ALTER TABLE `productcategory`
  ADD PRIMARY KEY (`ProductID`,`CategoryID`),
  ADD KEY `CategoryID` (`CategoryID`);

--
-- Indexes for table `retailer`
--
ALTER TABLE `retailer`
  ADD PRIMARY KEY (`RetailerID`);

--
-- Indexes for table `review`
--
ALTER TABLE `review`
  ADD PRIMARY KEY (`ReviewID`),
  ADD KEY `ProductID` (`ProductID`),
  ADD KEY `UserID` (`UserID`);

--
-- Indexes for table `reviewresponse`
--
ALTER TABLE `reviewresponse`
  ADD PRIMARY KEY (`ResponseID`),
  ADD KEY `ReviewID` (`ReviewID`);

--
-- Indexes for table `user`
--
ALTER TABLE `user`
  ADD PRIMARY KEY (`UserID`),
  ADD UNIQUE KEY `Email` (`Email`);

--
-- AUTO_INCREMENT for dumped tables
--

--
-- AUTO_INCREMENT for table `category`
--
ALTER TABLE `category`
  MODIFY `CategoryID` int(11) NOT NULL AUTO_INCREMENT, AUTO_INCREMENT=9;

--
-- AUTO_INCREMENT for table `listing`
--
ALTER TABLE `listing`
  MODIFY `ListingID` int(11) NOT NULL AUTO_INCREMENT, AUTO_INCREMENT=103;

--
-- AUTO_INCREMENT for table `product`
--
ALTER TABLE `product`
  MODIFY `ProductID` int(11) NOT NULL AUTO_INCREMENT, AUTO_INCREMENT=655;

--
-- AUTO_INCREMENT for table `retailer`
--
ALTER TABLE `retailer`
  MODIFY `RetailerID` int(11) NOT NULL AUTO_INCREMENT, AUTO_INCREMENT=149;

--
-- AUTO_INCREMENT for table `review`
--
ALTER TABLE `review`
  MODIFY `ReviewID` int(11) NOT NULL AUTO_INCREMENT, AUTO_INCREMENT=199;

--
-- AUTO_INCREMENT for table `reviewresponse`
--
ALTER TABLE `reviewresponse`
  MODIFY `ResponseID` int(11) NOT NULL AUTO_INCREMENT, AUTO_INCREMENT=48;

--
-- AUTO_INCREMENT for table `user`
--
ALTER TABLE `user`
  MODIFY `UserID` int(11) NOT NULL AUTO_INCREMENT, AUTO_INCREMENT=208;

--
-- Constraints for dumped tables
--

--
-- Constraints for table `admin`
--
ALTER TABLE `admin`
  ADD CONSTRAINT `admin_ibfk_1` FOREIGN KEY (`UserID`) REFERENCES `user` (`UserID`);

--
-- Constraints for table `customer`
--
ALTER TABLE `customer`
  ADD CONSTRAINT `customer_ibfk_1` FOREIGN KEY (`UserID`) REFERENCES `user` (`UserID`);

--
-- Constraints for table `listing`
--
ALTER TABLE `listing`
  ADD CONSTRAINT `listing_ibfk_1` FOREIGN KEY (`ProductID`) REFERENCES `product` (`ProductID`) ON DELETE CASCADE ON UPDATE CASCADE,
  ADD CONSTRAINT `listing_ibfk_2` FOREIGN KEY (`RetailerID`) REFERENCES `retailer` (`RetailerID`) ON DELETE CASCADE ON UPDATE CASCADE;

--
-- Constraints for table `productcategory`
--
ALTER TABLE `productcategory`
  ADD CONSTRAINT `productcategory_ibfk_1` FOREIGN KEY (`ProductID`) REFERENCES `product` (`ProductID`) ON DELETE CASCADE ON UPDATE CASCADE,
  ADD CONSTRAINT `productcategory_ibfk_2` FOREIGN KEY (`CategoryID`) REFERENCES `category` (`CategoryID`) ON DELETE CASCADE ON UPDATE CASCADE;

--
-- Constraints for table `review`
--
ALTER TABLE `review`
  ADD CONSTRAINT `review_ibfk_1` FOREIGN KEY (`ProductID`) REFERENCES `product` (`ProductID`) ON DELETE CASCADE ON UPDATE CASCADE,
  ADD CONSTRAINT `review_ibfk_2` FOREIGN KEY (`UserID`) REFERENCES `customer` (`UserID`) ON DELETE SET NULL ON UPDATE CASCADE;

--
-- Constraints for table `reviewresponse`
--
ALTER TABLE `reviewresponse`
  ADD CONSTRAINT `reviewresponse_ibfk_1` FOREIGN KEY (`ReviewID`) REFERENCES `review` (`ReviewID`) ON DELETE CASCADE ON UPDATE CASCADE;
COMMIT;

/*!40101 SET CHARACTER_SET_CLIENT=@OLD_CHARACTER_SET_CLIENT */;
/*!40101 SET CHARACTER_SET_RESULTS=@OLD_CHARACTER_SET_RESULTS */;
/*!40101 SET COLLATION_CONNECTION=@OLD_COLLATION_CONNECTION */;
